-- phpMyAdmin SQL Dump
-- version 5.1.1
-- https://www.phpmyadmin.net/
--
-- Host: localhost
-- Generation Time: Feb 20, 2022 at 02:05 PM
-- Server version: 10.4.21-MariaDB
-- PHP Version: 8.0.12

SET SQL_MODE = "NO_AUTO_VALUE_ON_ZERO";
START TRANSACTION;
SET time_zone = "+00:00";


/*!40101 SET @OLD_CHARACTER_SET_CLIENT=@@CHARACTER_SET_CLIENT */;
/*!40101 SET @OLD_CHARACTER_SET_RESULTS=@@CHARACTER_SET_RESULTS */;
/*!40101 SET @OLD_COLLATION_CONNECTION=@@COLLATION_CONNECTION */;
/*!40101 SET NAMES utf8mb4 */;

--
-- Database: `dbgatou`
--
CREATE DATABASE IF NOT EXISTS `dbgatou` DEFAULT CHARACTER SET latin1 COLLATE latin1_swedish_ci;
USE `dbgatou`;

-- --------------------------------------------------------

--
-- Table structure for table `categories`
--

DROP TABLE IF EXISTS `categories`;
CREATE TABLE IF NOT EXISTS `categories` (
  `id` int(11) NOT NULL AUTO_INCREMENT,
  `title` varchar(200) DEFAULT NULL,
  PRIMARY KEY (`id`)
) ENGINE=InnoDB AUTO_INCREMENT=8 DEFAULT CHARSET=latin1;

--
-- Dumping data for table `categories`
--

INSERT INTO `categories` (`id`, `title`) VALUES
(1, 'C++'),
(2, 'Mathematics'),
(3, 'Economics'),
(4, 'JAVA'),
(5, 'English'),
(6, 'Philosophy');

-- --------------------------------------------------------

--
-- Table structure for table `recommend`
--

DROP TABLE IF EXISTS `recommend`;
CREATE TABLE IF NOT EXISTS `recommend` (
  `id` int(11) NOT NULL AUTO_INCREMENT,
  `title` varchar(200) DEFAULT NULL,
  `link` varchar(500) DEFAULT NULL,
  `perigrafi` text DEFAULT NULL,
  `views` int(11) DEFAULT NULL,
  `readn` int(11) DEFAULT NULL,
  `id_user` int(11) DEFAULT NULL,
  `id_cat` int(11) NOT NULL,
  PRIMARY KEY (`id`),
  KEY `id_user` (`id_user`),
  KEY `id_cat` (`id_cat`)
) ENGINE=InnoDB AUTO_INCREMENT=547 DEFAULT CHARSET=latin1;

--
-- Dumping data for table `recommend`
--

INSERT INTO `recommend` (`id`, `title`, `link`, `perigrafi`, `views`, `readn`, `id_user`, `id_cat`) VALUES
(4, 'test1223', 'http://www.in.gr', 'werwerwe', 2, 0, 8, 2),
(5, 'Keimeno 1', 'www.link1.edu', 'For any given initial seed, the same number sequence is generated because each successive call to the Rnd function uses the previous number as a seed for the next number in the sequence.', 7, NULL, 99, 1),
(6, 'Keimeno 2', 'www.link2.edu', 'For any given initial seed, the same number sequence is generated because each successive call to the Rnd function uses the previous number as a seed for the next number in the sequence.', 1, NULL, 96, 5),
(7, 'Keimeno 3', 'www.link3.edu', 'For any given initial seed, the same number sequence is generated because each successive call to the Rnd function uses the previous number as a seed for the next number in the sequence.', 12, NULL, 41, 6),
(8, 'Keimeno 4', 'www.link4.edu', 'For any given initial seed, the same number sequence is generated because each successive call to the Rnd function uses the previous number as a seed for the next number in the sequence.', 3, NULL, 95, 2),
(9, 'Keimeno 5', 'www.link5.edu', 'For any given initial seed, the same number sequence is generated because each successive call to the Rnd function uses the previous number as a seed for the next number in the sequence.', 6, NULL, 77, 1),
(10, 'Keimeno 6', 'www.link6.edu', 'For any given initial seed, the same number sequence is generated because each successive call to the Rnd function uses the previous number as a seed for the next number in the sequence.', 17, NULL, 60, 6),
(11, 'Keimeno 7', 'www.link7.edu', 'For any given initial seed, the same number sequence is generated because each successive call to the Rnd function uses the previous number as a seed for the next number in the sequence.', 15, NULL, 58, 2),
(12, 'Keimeno 8', 'www.link8.edu', 'For any given initial seed, the same number sequence is generated because each successive call to the Rnd function uses the previous number as a seed for the next number in the sequence.', 9, NULL, 11, 5),
(13, 'Keimeno 9', 'www.link9.edu', 'For any given initial seed, the same number sequence is generated because each successive call to the Rnd function uses the previous number as a seed for the next number in the sequence.', 19, NULL, 47, 1),
(14, 'Keimeno 10', 'www.link10.edu', 'For any given initial seed, the same number sequence is generated because each successive call to the Rnd function uses the previous number as a seed for the next number in the sequence.', 13, NULL, 53, 6),
(15, 'Keimeno 11', 'www.link11.edu', 'For any given initial seed, the same number sequence is generated because each successive call to the Rnd function uses the previous number as a seed for the next number in the sequence.', 13, NULL, 44, 6),
(16, 'Keimeno 12', 'www.link12.edu', 'For any given initial seed, the same number sequence is generated because each successive call to the Rnd function uses the previous number as a seed for the next number in the sequence.', 14, NULL, 63, 1),
(17, 'Keimeno 13', 'www.link13.edu', 'For any given initial seed, the same number sequence is generated because each successive call to the Rnd function uses the previous number as a seed for the next number in the sequence.', 8, NULL, 52, 3),
(18, 'Keimeno 14', 'www.link14.edu', 'For any given initial seed, the same number sequence is generated because each successive call to the Rnd function uses the previous number as a seed for the next number in the sequence.', 9, NULL, 15, 2),
(19, 'Keimeno 15', 'www.link15.edu', 'For any given initial seed, the same number sequence is generated because each successive call to the Rnd function uses the previous number as a seed for the next number in the sequence.', 1, NULL, 98, 1),
(20, 'Keimeno 16', 'www.link16.edu', 'For any given initial seed, the same number sequence is generated because each successive call to the Rnd function uses the previous number as a seed for the next number in the sequence.', 17, NULL, 27, 1),
(21, 'Keimeno 17', 'www.link17.edu', 'For any given initial seed, the same number sequence is generated because each successive call to the Rnd function uses the previous number as a seed for the next number in the sequence.', 17, NULL, 91, 4),
(22, 'Keimeno 18', 'www.link18.edu', 'For any given initial seed, the same number sequence is generated because each successive call to the Rnd function uses the previous number as a seed for the next number in the sequence.', 2, NULL, 83, 2),
(23, 'Keimeno 19', 'www.link19.edu', 'For any given initial seed, the same number sequence is generated because each successive call to the Rnd function uses the previous number as a seed for the next number in the sequence.', 18, NULL, 51, 4),
(24, 'Keimeno 20', 'www.link20.edu', 'For any given initial seed, the same number sequence is generated because each successive call to the Rnd function uses the previous number as a seed for the next number in the sequence.', 8, NULL, 33, 6),
(25, 'Keimeno 21', 'www.link21.edu', 'For any given initial seed, the same number sequence is generated because each successive call to the Rnd function uses the previous number as a seed for the next number in the sequence.', 16, NULL, 22, 5),
(26, 'Keimeno 22', 'www.link22.edu', 'For any given initial seed, the same number sequence is generated because each successive call to the Rnd function uses the previous number as a seed for the next number in the sequence.', 15, NULL, 103, 3),
(27, 'Keimeno 23', 'www.link23.edu', 'For any given initial seed, the same number sequence is generated because each successive call to the Rnd function uses the previous number as a seed for the next number in the sequence.', 2, NULL, 23, 5),
(28, 'Keimeno 24', 'www.link24.edu', 'For any given initial seed, the same number sequence is generated because each successive call to the Rnd function uses the previous number as a seed for the next number in the sequence.', 7, NULL, 49, 6),
(29, 'Keimeno 25', 'www.link25.edu', 'For any given initial seed, the same number sequence is generated because each successive call to the Rnd function uses the previous number as a seed for the next number in the sequence.', 7, NULL, 22, 1),
(30, 'Keimeno 26', 'www.link26.edu', 'For any given initial seed, the same number sequence is generated because each successive call to the Rnd function uses the previous number as a seed for the next number in the sequence.', 6, NULL, 42, 2),
(31, 'Keimeno 27', 'www.link27.edu', 'For any given initial seed, the same number sequence is generated because each successive call to the Rnd function uses the previous number as a seed for the next number in the sequence.', 12, NULL, 72, 1),
(32, 'Keimeno 28', 'www.link28.edu', 'For any given initial seed, the same number sequence is generated because each successive call to the Rnd function uses the previous number as a seed for the next number in the sequence.', 7, NULL, 77, 6),
(33, 'Keimeno 29', 'www.link29.edu', 'For any given initial seed, the same number sequence is generated because each successive call to the Rnd function uses the previous number as a seed for the next number in the sequence.', 19, NULL, 43, 4),
(34, 'Keimeno 30', 'www.link30.edu', 'For any given initial seed, the same number sequence is generated because each successive call to the Rnd function uses the previous number as a seed for the next number in the sequence.', 12, NULL, 37, 4),
(35, 'Keimeno 31', 'www.link31.edu', 'For any given initial seed, the same number sequence is generated because each successive call to the Rnd function uses the previous number as a seed for the next number in the sequence.', 5, NULL, 43, 3),
(36, 'Keimeno 32', 'www.link32.edu', 'For any given initial seed, the same number sequence is generated because each successive call to the Rnd function uses the previous number as a seed for the next number in the sequence.', 12, NULL, 11, 5),
(37, 'Keimeno 33', 'www.link33.edu', 'For any given initial seed, the same number sequence is generated because each successive call to the Rnd function uses the previous number as a seed for the next number in the sequence.', 11, NULL, 86, 5),
(38, 'Keimeno 34', 'www.link34.edu', 'For any given initial seed, the same number sequence is generated because each successive call to the Rnd function uses the previous number as a seed for the next number in the sequence.', 4, NULL, 22, 4),
(39, 'Keimeno 35', 'www.link35.edu', 'For any given initial seed, the same number sequence is generated because each successive call to the Rnd function uses the previous number as a seed for the next number in the sequence.', 20, NULL, 42, 4),
(40, 'Keimeno 36', 'www.link36.edu', 'For any given initial seed, the same number sequence is generated because each successive call to the Rnd function uses the previous number as a seed for the next number in the sequence.', 20, NULL, 65, 1),
(41, 'Keimeno 37', 'www.link37.edu', 'For any given initial seed, the same number sequence is generated because each successive call to the Rnd function uses the previous number as a seed for the next number in the sequence.', 19, NULL, 13, 1),
(42, 'Keimeno 38', 'www.link38.edu', 'For any given initial seed, the same number sequence is generated because each successive call to the Rnd function uses the previous number as a seed for the next number in the sequence.', 16, NULL, 83, 4),
(43, 'Keimeno 39', 'www.link39.edu', 'For any given initial seed, the same number sequence is generated because each successive call to the Rnd function uses the previous number as a seed for the next number in the sequence.', 5, NULL, 29, 2),
(44, 'Keimeno 40', 'www.link40.edu', 'For any given initial seed, the same number sequence is generated because each successive call to the Rnd function uses the previous number as a seed for the next number in the sequence.', 14, NULL, 68, 4),
(45, 'Keimeno 41', 'www.link41.edu', 'For any given initial seed, the same number sequence is generated because each successive call to the Rnd function uses the previous number as a seed for the next number in the sequence.', 14, NULL, 90, 4),
(46, 'Keimeno 42', 'www.link42.edu', 'For any given initial seed, the same number sequence is generated because each successive call to the Rnd function uses the previous number as a seed for the next number in the sequence.', 12, NULL, 97, 6),
(47, 'Keimeno 43', 'www.link43.edu', 'For any given initial seed, the same number sequence is generated because each successive call to the Rnd function uses the previous number as a seed for the next number in the sequence.', 19, NULL, 15, 4),
(48, 'Keimeno 44', 'www.link44.edu', 'For any given initial seed, the same number sequence is generated because each successive call to the Rnd function uses the previous number as a seed for the next number in the sequence.', 13, NULL, 79, 5),
(49, 'Keimeno 45', 'www.link45.edu', 'For any given initial seed, the same number sequence is generated because each successive call to the Rnd function uses the previous number as a seed for the next number in the sequence.', 2, NULL, 53, 3),
(50, 'Keimeno 46', 'www.link46.edu', 'For any given initial seed, the same number sequence is generated because each successive call to the Rnd function uses the previous number as a seed for the next number in the sequence.', 3, NULL, 39, 4),
(51, 'Keimeno 47', 'www.link47.edu', 'For any given initial seed, the same number sequence is generated because each successive call to the Rnd function uses the previous number as a seed for the next number in the sequence.', 12, NULL, 54, 3),
(52, 'Keimeno 48', 'www.link48.edu', 'For any given initial seed, the same number sequence is generated because each successive call to the Rnd function uses the previous number as a seed for the next number in the sequence.', 9, NULL, 65, 6),
(53, 'Keimeno 49', 'www.link49.edu', 'For any given initial seed, the same number sequence is generated because each successive call to the Rnd function uses the previous number as a seed for the next number in the sequence.', 16, NULL, 34, 4),
(54, 'Keimeno 50', 'www.link50.edu', 'For any given initial seed, the same number sequence is generated because each successive call to the Rnd function uses the previous number as a seed for the next number in the sequence.', 5, NULL, 66, 2),
(55, 'Keimeno 51', 'www.link51.edu', 'For any given initial seed, the same number sequence is generated because each successive call to the Rnd function uses the previous number as a seed for the next number in the sequence.', 13, NULL, 20, 5),
(56, 'Keimeno 52', 'www.link52.edu', 'For any given initial seed, the same number sequence is generated because each successive call to the Rnd function uses the previous number as a seed for the next number in the sequence.', 15, NULL, 80, 3),
(57, 'Keimeno 53', 'www.link53.edu', 'For any given initial seed, the same number sequence is generated because each successive call to the Rnd function uses the previous number as a seed for the next number in the sequence.', 12, NULL, 85, 6),
(58, 'Keimeno 54', 'www.link54.edu', 'For any given initial seed, the same number sequence is generated because each successive call to the Rnd function uses the previous number as a seed for the next number in the sequence.', 7, NULL, 95, 3),
(59, 'Keimeno 55', 'www.link55.edu', 'For any given initial seed, the same number sequence is generated because each successive call to the Rnd function uses the previous number as a seed for the next number in the sequence.', 9, NULL, 73, 4),
(60, 'Keimeno 56', 'www.link56.edu', 'For any given initial seed, the same number sequence is generated because each successive call to the Rnd function uses the previous number as a seed for the next number in the sequence.', 10, NULL, 66, 4),
(61, 'Keimeno 57', 'www.link57.edu', 'For any given initial seed, the same number sequence is generated because each successive call to the Rnd function uses the previous number as a seed for the next number in the sequence.', 5, NULL, 71, 4),
(62, 'Keimeno 58', 'www.link58.edu', 'For any given initial seed, the same number sequence is generated because each successive call to the Rnd function uses the previous number as a seed for the next number in the sequence.', 1, NULL, 67, 5),
(63, 'Keimeno 59', 'www.link59.edu', 'For any given initial seed, the same number sequence is generated because each successive call to the Rnd function uses the previous number as a seed for the next number in the sequence.', 17, NULL, 60, 3),
(64, 'Keimeno 60', 'www.link60.edu', 'For any given initial seed, the same number sequence is generated because each successive call to the Rnd function uses the previous number as a seed for the next number in the sequence.', 15, NULL, 83, 5),
(65, 'Keimeno 61', 'www.link61.edu', 'For any given initial seed, the same number sequence is generated because each successive call to the Rnd function uses the previous number as a seed for the next number in the sequence.', 15, NULL, 53, 3),
(66, 'Keimeno 62', 'www.link62.edu', 'For any given initial seed, the same number sequence is generated because each successive call to the Rnd function uses the previous number as a seed for the next number in the sequence.', 1, NULL, 16, 2),
(67, 'Keimeno 63', 'www.link63.edu', 'For any given initial seed, the same number sequence is generated because each successive call to the Rnd function uses the previous number as a seed for the next number in the sequence.', 12, NULL, 41, 5),
(68, 'Keimeno 64', 'www.link64.edu', 'For any given initial seed, the same number sequence is generated because each successive call to the Rnd function uses the previous number as a seed for the next number in the sequence.', 8, NULL, 105, 4),
(69, 'Keimeno 65', 'www.link65.edu', 'For any given initial seed, the same number sequence is generated because each successive call to the Rnd function uses the previous number as a seed for the next number in the sequence.', 2, NULL, 82, 4),
(70, 'Keimeno 66', 'www.link66.edu', 'For any given initial seed, the same number sequence is generated because each successive call to the Rnd function uses the previous number as a seed for the next number in the sequence.', 6, NULL, 23, 3),
(71, 'Keimeno 67', 'www.link67.edu', 'For any given initial seed, the same number sequence is generated because each successive call to the Rnd function uses the previous number as a seed for the next number in the sequence.', 15, NULL, 36, 5),
(72, 'Keimeno 68', 'www.link68.edu', 'For any given initial seed, the same number sequence is generated because each successive call to the Rnd function uses the previous number as a seed for the next number in the sequence.', 2, NULL, 40, 1),
(73, 'Keimeno 69', 'www.link69.edu', 'For any given initial seed, the same number sequence is generated because each successive call to the Rnd function uses the previous number as a seed for the next number in the sequence.', 18, NULL, 53, 3),
(74, 'Keimeno 70', 'www.link70.edu', 'For any given initial seed, the same number sequence is generated because each successive call to the Rnd function uses the previous number as a seed for the next number in the sequence.', 20, NULL, 37, 1),
(75, 'Keimeno 71', 'www.link71.edu', 'For any given initial seed, the same number sequence is generated because each successive call to the Rnd function uses the previous number as a seed for the next number in the sequence.', 19, NULL, 70, 6),
(76, 'Keimeno 72', 'www.link72.edu', 'For any given initial seed, the same number sequence is generated because each successive call to the Rnd function uses the previous number as a seed for the next number in the sequence.', 16, NULL, 104, 5),
(77, 'Keimeno 73', 'www.link73.edu', 'For any given initial seed, the same number sequence is generated because each successive call to the Rnd function uses the previous number as a seed for the next number in the sequence.', 17, NULL, 73, 5),
(78, 'Keimeno 74', 'www.link74.edu', 'For any given initial seed, the same number sequence is generated because each successive call to the Rnd function uses the previous number as a seed for the next number in the sequence.', 5, NULL, 101, 1),
(79, 'Keimeno 75', 'www.link75.edu', 'For any given initial seed, the same number sequence is generated because each successive call to the Rnd function uses the previous number as a seed for the next number in the sequence.', 8, NULL, 104, 4),
(80, 'Keimeno 76', 'www.link76.edu', 'For any given initial seed, the same number sequence is generated because each successive call to the Rnd function uses the previous number as a seed for the next number in the sequence.', 7, NULL, 99, 5),
(81, 'Keimeno 77', 'www.link77.edu', 'For any given initial seed, the same number sequence is generated because each successive call to the Rnd function uses the previous number as a seed for the next number in the sequence.', 19, NULL, 61, 2),
(82, 'Keimeno 78', 'www.link78.edu', 'For any given initial seed, the same number sequence is generated because each successive call to the Rnd function uses the previous number as a seed for the next number in the sequence.', 15, NULL, 86, 4),
(83, 'Keimeno 79', 'www.link79.edu', 'For any given initial seed, the same number sequence is generated because each successive call to the Rnd function uses the previous number as a seed for the next number in the sequence.', 16, NULL, 70, 6),
(84, 'Keimeno 80', 'www.link80.edu', 'For any given initial seed, the same number sequence is generated because each successive call to the Rnd function uses the previous number as a seed for the next number in the sequence.', 10, NULL, 91, 4),
(85, 'Keimeno 81', 'www.link81.edu', 'For any given initial seed, the same number sequence is generated because each successive call to the Rnd function uses the previous number as a seed for the next number in the sequence.', 1, NULL, 68, 5),
(86, 'Keimeno 82', 'www.link82.edu', 'For any given initial seed, the same number sequence is generated because each successive call to the Rnd function uses the previous number as a seed for the next number in the sequence.', 11, NULL, 35, 1),
(87, 'Keimeno 83', 'www.link83.edu', 'For any given initial seed, the same number sequence is generated because each successive call to the Rnd function uses the previous number as a seed for the next number in the sequence.', 10, NULL, 96, 3),
(88, 'Keimeno 84', 'www.link84.edu', 'For any given initial seed, the same number sequence is generated because each successive call to the Rnd function uses the previous number as a seed for the next number in the sequence.', 8, NULL, 82, 3),
(89, 'Keimeno 85', 'www.link85.edu', 'For any given initial seed, the same number sequence is generated because each successive call to the Rnd function uses the previous number as a seed for the next number in the sequence.', 10, NULL, 13, 1),
(90, 'Keimeno 86', 'www.link86.edu', 'For any given initial seed, the same number sequence is generated because each successive call to the Rnd function uses the previous number as a seed for the next number in the sequence.', 4, NULL, 65, 4),
(91, 'Keimeno 87', 'www.link87.edu', 'For any given initial seed, the same number sequence is generated because each successive call to the Rnd function uses the previous number as a seed for the next number in the sequence.', 14, NULL, 80, 5),
(92, 'Keimeno 88', 'www.link88.edu', 'For any given initial seed, the same number sequence is generated because each successive call to the Rnd function uses the previous number as a seed for the next number in the sequence.', 11, NULL, 62, 1),
(93, 'Keimeno 89', 'www.link89.edu', 'For any given initial seed, the same number sequence is generated because each successive call to the Rnd function uses the previous number as a seed for the next number in the sequence.', 20, NULL, 74, 1),
(94, 'Keimeno 90', 'www.link90.edu', 'For any given initial seed, the same number sequence is generated because each successive call to the Rnd function uses the previous number as a seed for the next number in the sequence.', 17, NULL, 64, 1),
(95, 'Keimeno 91', 'www.link91.edu', 'For any given initial seed, the same number sequence is generated because each successive call to the Rnd function uses the previous number as a seed for the next number in the sequence.', 20, NULL, 70, 2),
(96, 'Keimeno 92', 'www.link92.edu', 'For any given initial seed, the same number sequence is generated because each successive call to the Rnd function uses the previous number as a seed for the next number in the sequence.', 7, NULL, 26, 3),
(97, 'Keimeno 93', 'www.link93.edu', 'For any given initial seed, the same number sequence is generated because each successive call to the Rnd function uses the previous number as a seed for the next number in the sequence.', 12, NULL, 53, 6),
(98, 'Keimeno 94', 'www.link94.edu', 'For any given initial seed, the same number sequence is generated because each successive call to the Rnd function uses the previous number as a seed for the next number in the sequence.', 11, NULL, 41, 1),
(99, 'Keimeno 95', 'www.link95.edu', 'For any given initial seed, the same number sequence is generated because each successive call to the Rnd function uses the previous number as a seed for the next number in the sequence.', 10, NULL, 27, 6),
(100, 'Keimeno 96', 'www.link96.edu', 'For any given initial seed, the same number sequence is generated because each successive call to the Rnd function uses the previous number as a seed for the next number in the sequence.', 1, NULL, 63, 1),
(101, 'Keimeno 97', 'www.link97.edu', 'For any given initial seed, the same number sequence is generated because each successive call to the Rnd function uses the previous number as a seed for the next number in the sequence.', 19, NULL, 51, 1),
(102, 'Keimeno 98', 'www.link98.edu', 'For any given initial seed, the same number sequence is generated because each successive call to the Rnd function uses the previous number as a seed for the next number in the sequence.', 5, NULL, 24, 5),
(103, 'Keimeno 99', 'www.link99.edu', 'For any given initial seed, the same number sequence is generated because each successive call to the Rnd function uses the previous number as a seed for the next number in the sequence.', 8, NULL, 30, 3),
(104, 'Keimeno 100', 'www.link100.edu', 'For any given initial seed, the same number sequence is generated because each successive call to the Rnd function uses the previous number as a seed for the next number in the sequence.', 14, NULL, 28, 2),
(105, 'Keimeno 101', 'www.link101.edu', 'For any given initial seed, the same number sequence is generated because each successive call to the Rnd function uses the previous number as a seed for the next number in the sequence.', 14, NULL, 45, 1),
(106, 'Keimeno 102', 'www.link102.edu', 'For any given initial seed, the same number sequence is generated because each successive call to the Rnd function uses the previous number as a seed for the next number in the sequence.', 6, NULL, 108, 5),
(107, 'Keimeno 103', 'www.link103.edu', 'For any given initial seed, the same number sequence is generated because each successive call to the Rnd function uses the previous number as a seed for the next number in the sequence.', 2, NULL, 39, 4),
(108, 'Keimeno 104', 'www.link104.edu', 'For any given initial seed, the same number sequence is generated because each successive call to the Rnd function uses the previous number as a seed for the next number in the sequence.', 0, NULL, 22, 5),
(109, 'Keimeno 105', 'www.link105.edu', 'For any given initial seed, the same number sequence is generated because each successive call to the Rnd function uses the previous number as a seed for the next number in the sequence.', 5, NULL, 107, 2),
(110, 'Keimeno 106', 'www.link106.edu', 'For any given initial seed, the same number sequence is generated because each successive call to the Rnd function uses the previous number as a seed for the next number in the sequence.', 11, NULL, 12, 6),
(111, 'Keimeno 107', 'www.link107.edu', 'For any given initial seed, the same number sequence is generated because each successive call to the Rnd function uses the previous number as a seed for the next number in the sequence.', 5, NULL, 63, 5),
(112, 'Keimeno 108', 'www.link108.edu', 'For any given initial seed, the same number sequence is generated because each successive call to the Rnd function uses the previous number as a seed for the next number in the sequence.', 9, NULL, 11, 4),
(113, 'Keimeno 109', 'www.link109.edu', 'For any given initial seed, the same number sequence is generated because each successive call to the Rnd function uses the previous number as a seed for the next number in the sequence.', 14, NULL, 27, 2),
(114, 'Keimeno 110', 'www.link110.edu', 'For any given initial seed, the same number sequence is generated because each successive call to the Rnd function uses the previous number as a seed for the next number in the sequence.', 10, NULL, 80, 3),
(115, 'Keimeno 111', 'www.link111.edu', 'For any given initial seed, the same number sequence is generated because each successive call to the Rnd function uses the previous number as a seed for the next number in the sequence.', 5, NULL, 28, 3),
(116, 'Keimeno 112', 'www.link112.edu', 'For any given initial seed, the same number sequence is generated because each successive call to the Rnd function uses the previous number as a seed for the next number in the sequence.', 20, NULL, 78, 4),
(117, 'Keimeno 113', 'www.link113.edu', 'For any given initial seed, the same number sequence is generated because each successive call to the Rnd function uses the previous number as a seed for the next number in the sequence.', 16, NULL, 64, 1),
(118, 'Keimeno 114', 'www.link114.edu', 'For any given initial seed, the same number sequence is generated because each successive call to the Rnd function uses the previous number as a seed for the next number in the sequence.', 17, NULL, 21, 1),
(119, 'Keimeno 115', 'www.link115.edu', 'For any given initial seed, the same number sequence is generated because each successive call to the Rnd function uses the previous number as a seed for the next number in the sequence.', 12, NULL, 36, 5),
(120, 'Keimeno 116', 'www.link116.edu', 'For any given initial seed, the same number sequence is generated because each successive call to the Rnd function uses the previous number as a seed for the next number in the sequence.', 0, NULL, 36, 6),
(121, 'Keimeno 117', 'www.link117.edu', 'For any given initial seed, the same number sequence is generated because each successive call to the Rnd function uses the previous number as a seed for the next number in the sequence.', 15, NULL, 35, 3),
(122, 'Keimeno 118', 'www.link118.edu', 'For any given initial seed, the same number sequence is generated because each successive call to the Rnd function uses the previous number as a seed for the next number in the sequence.', 0, NULL, 107, 2),
(123, 'Keimeno 119', 'www.link119.edu', 'For any given initial seed, the same number sequence is generated because each successive call to the Rnd function uses the previous number as a seed for the next number in the sequence.', 12, NULL, 109, 6),
(124, 'Keimeno 120', 'www.link120.edu', 'For any given initial seed, the same number sequence is generated because each successive call to the Rnd function uses the previous number as a seed for the next number in the sequence.', 3, NULL, 55, 1),
(125, 'Keimeno 121', 'www.link121.edu', 'For any given initial seed, the same number sequence is generated because each successive call to the Rnd function uses the previous number as a seed for the next number in the sequence.', 7, NULL, 58, 5),
(126, 'Keimeno 122', 'www.link122.edu', 'For any given initial seed, the same number sequence is generated because each successive call to the Rnd function uses the previous number as a seed for the next number in the sequence.', 12, NULL, 22, 2),
(127, 'Keimeno 123', 'www.link123.edu', 'For any given initial seed, the same number sequence is generated because each successive call to the Rnd function uses the previous number as a seed for the next number in the sequence.', 17, NULL, 106, 5),
(128, 'Keimeno 124', 'www.link124.edu', 'For any given initial seed, the same number sequence is generated because each successive call to the Rnd function uses the previous number as a seed for the next number in the sequence.', 8, NULL, 74, 5),
(129, 'Keimeno 125', 'www.link125.edu', 'For any given initial seed, the same number sequence is generated because each successive call to the Rnd function uses the previous number as a seed for the next number in the sequence.', 10, NULL, 60, 1),
(130, 'Keimeno 126', 'www.link126.edu', 'For any given initial seed, the same number sequence is generated because each successive call to the Rnd function uses the previous number as a seed for the next number in the sequence.', 20, NULL, 53, 2),
(131, 'Keimeno 127', 'www.link127.edu', 'For any given initial seed, the same number sequence is generated because each successive call to the Rnd function uses the previous number as a seed for the next number in the sequence.', 7, NULL, 104, 5),
(132, 'Keimeno 128', 'www.link128.edu', 'For any given initial seed, the same number sequence is generated because each successive call to the Rnd function uses the previous number as a seed for the next number in the sequence.', 5, NULL, 79, 1),
(133, 'Keimeno 129', 'www.link129.edu', 'For any given initial seed, the same number sequence is generated because each successive call to the Rnd function uses the previous number as a seed for the next number in the sequence.', 6, NULL, 49, 4),
(134, 'Keimeno 130', 'www.link130.edu', 'For any given initial seed, the same number sequence is generated because each successive call to the Rnd function uses the previous number as a seed for the next number in the sequence.', 20, NULL, 38, 3),
(135, 'Keimeno 131', 'www.link131.edu', 'For any given initial seed, the same number sequence is generated because each successive call to the Rnd function uses the previous number as a seed for the next number in the sequence.', 13, NULL, 78, 1),
(136, 'Keimeno 132', 'www.link132.edu', 'For any given initial seed, the same number sequence is generated because each successive call to the Rnd function uses the previous number as a seed for the next number in the sequence.', 0, NULL, 49, 4),
(137, 'Keimeno 133', 'www.link133.edu', 'For any given initial seed, the same number sequence is generated because each successive call to the Rnd function uses the previous number as a seed for the next number in the sequence.', 2, NULL, 61, 5),
(138, 'Keimeno 134', 'www.link134.edu', 'For any given initial seed, the same number sequence is generated because each successive call to the Rnd function uses the previous number as a seed for the next number in the sequence.', 8, NULL, 99, 1),
(139, 'Keimeno 135', 'www.link135.edu', 'For any given initial seed, the same number sequence is generated because each successive call to the Rnd function uses the previous number as a seed for the next number in the sequence.', 7, NULL, 84, 4),
(140, 'Keimeno 136', 'www.link136.edu', 'For any given initial seed, the same number sequence is generated because each successive call to the Rnd function uses the previous number as a seed for the next number in the sequence.', 19, NULL, 15, 1),
(141, 'Keimeno 137', 'www.link137.edu', 'For any given initial seed, the same number sequence is generated because each successive call to the Rnd function uses the previous number as a seed for the next number in the sequence.', 13, NULL, 11, 6),
(142, 'Keimeno 138', 'www.link138.edu', 'For any given initial seed, the same number sequence is generated because each successive call to the Rnd function uses the previous number as a seed for the next number in the sequence.', 2, NULL, 91, 6),
(143, 'Keimeno 139', 'www.link139.edu', 'For any given initial seed, the same number sequence is generated because each successive call to the Rnd function uses the previous number as a seed for the next number in the sequence.', 0, NULL, 53, 2),
(144, 'Keimeno 140', 'www.link140.edu', 'For any given initial seed, the same number sequence is generated because each successive call to the Rnd function uses the previous number as a seed for the next number in the sequence.', 9, NULL, 47, 4),
(145, 'Keimeno 141', 'www.link141.edu', 'For any given initial seed, the same number sequence is generated because each successive call to the Rnd function uses the previous number as a seed for the next number in the sequence.', 16, NULL, 93, 4),
(146, 'Keimeno 142', 'www.link142.edu', 'For any given initial seed, the same number sequence is generated because each successive call to the Rnd function uses the previous number as a seed for the next number in the sequence.', 19, NULL, 39, 4),
(147, 'Keimeno 143', 'www.link143.edu', 'For any given initial seed, the same number sequence is generated because each successive call to the Rnd function uses the previous number as a seed for the next number in the sequence.', 20, NULL, 92, 2),
(148, 'Keimeno 144', 'www.link144.edu', 'For any given initial seed, the same number sequence is generated because each successive call to the Rnd function uses the previous number as a seed for the next number in the sequence.', 1, NULL, 42, 4),
(149, 'Keimeno 145', 'www.link145.edu', 'For any given initial seed, the same number sequence is generated because each successive call to the Rnd function uses the previous number as a seed for the next number in the sequence.', 9, NULL, 13, 2),
(150, 'Keimeno 146', 'www.link146.edu', 'For any given initial seed, the same number sequence is generated because each successive call to the Rnd function uses the previous number as a seed for the next number in the sequence.', 11, NULL, 63, 6),
(151, 'Keimeno 147', 'www.link147.edu', 'For any given initial seed, the same number sequence is generated because each successive call to the Rnd function uses the previous number as a seed for the next number in the sequence.', 8, NULL, 54, 2),
(152, 'Keimeno 148', 'www.link148.edu', 'For any given initial seed, the same number sequence is generated because each successive call to the Rnd function uses the previous number as a seed for the next number in the sequence.', 5, NULL, 24, 5),
(153, 'Keimeno 149', 'www.link149.edu', 'For any given initial seed, the same number sequence is generated because each successive call to the Rnd function uses the previous number as a seed for the next number in the sequence.', 13, NULL, 108, 5),
(154, 'Keimeno 150', 'www.link150.edu', 'For any given initial seed, the same number sequence is generated because each successive call to the Rnd function uses the previous number as a seed for the next number in the sequence.', 11, NULL, 26, 3),
(155, 'Keimeno 151', 'www.link151.edu', 'For any given initial seed, the same number sequence is generated because each successive call to the Rnd function uses the previous number as a seed for the next number in the sequence.', 11, NULL, 89, 1),
(156, 'Keimeno 152', 'www.link152.edu', 'For any given initial seed, the same number sequence is generated because each successive call to the Rnd function uses the previous number as a seed for the next number in the sequence.', 12, NULL, 44, 3),
(157, 'Keimeno 153', 'www.link153.edu', 'For any given initial seed, the same number sequence is generated because each successive call to the Rnd function uses the previous number as a seed for the next number in the sequence.', 6, NULL, 42, 4),
(158, 'Keimeno 154', 'www.link154.edu', 'For any given initial seed, the same number sequence is generated because each successive call to the Rnd function uses the previous number as a seed for the next number in the sequence.', 8, NULL, 13, 4),
(159, 'Keimeno 155', 'www.link155.edu', 'For any given initial seed, the same number sequence is generated because each successive call to the Rnd function uses the previous number as a seed for the next number in the sequence.', 4, NULL, 50, 1),
(160, 'Keimeno 156', 'www.link156.edu', 'For any given initial seed, the same number sequence is generated because each successive call to the Rnd function uses the previous number as a seed for the next number in the sequence.', 4, NULL, 27, 4),
(161, 'Keimeno 157', 'www.link157.edu', 'For any given initial seed, the same number sequence is generated because each successive call to the Rnd function uses the previous number as a seed for the next number in the sequence.', 19, NULL, 77, 5),
(162, 'Keimeno 158', 'www.link158.edu', 'For any given initial seed, the same number sequence is generated because each successive call to the Rnd function uses the previous number as a seed for the next number in the sequence.', 2, NULL, 91, 2),
(163, 'Keimeno 159', 'www.link159.edu', 'For any given initial seed, the same number sequence is generated because each successive call to the Rnd function uses the previous number as a seed for the next number in the sequence.', 12, NULL, 77, 4),
(164, 'Keimeno 160', 'www.link160.edu', 'For any given initial seed, the same number sequence is generated because each successive call to the Rnd function uses the previous number as a seed for the next number in the sequence.', 1, NULL, 100, 5),
(165, 'Keimeno 161', 'www.link161.edu', 'For any given initial seed, the same number sequence is generated because each successive call to the Rnd function uses the previous number as a seed for the next number in the sequence.', 11, NULL, 22, 3),
(166, 'Keimeno 162', 'www.link162.edu', 'For any given initial seed, the same number sequence is generated because each successive call to the Rnd function uses the previous number as a seed for the next number in the sequence.', 14, NULL, 81, 4),
(167, 'Keimeno 163', 'www.link163.edu', 'For any given initial seed, the same number sequence is generated because each successive call to the Rnd function uses the previous number as a seed for the next number in the sequence.', 16, NULL, 19, 5),
(168, 'Keimeno 164', 'www.link164.edu', 'For any given initial seed, the same number sequence is generated because each successive call to the Rnd function uses the previous number as a seed for the next number in the sequence.', 8, NULL, 109, 1),
(169, 'Keimeno 165', 'www.link165.edu', 'For any given initial seed, the same number sequence is generated because each successive call to the Rnd function uses the previous number as a seed for the next number in the sequence.', 16, NULL, 19, 3),
(170, 'Keimeno 166', 'www.link166.edu', 'For any given initial seed, the same number sequence is generated because each successive call to the Rnd function uses the previous number as a seed for the next number in the sequence.', 10, NULL, 92, 3),
(171, 'Keimeno 167', 'www.link167.edu', 'For any given initial seed, the same number sequence is generated because each successive call to the Rnd function uses the previous number as a seed for the next number in the sequence.', 11, NULL, 42, 2),
(172, 'Keimeno 168', 'www.link168.edu', 'For any given initial seed, the same number sequence is generated because each successive call to the Rnd function uses the previous number as a seed for the next number in the sequence.', 10, NULL, 29, 1),
(173, 'Keimeno 169', 'www.link169.edu', 'For any given initial seed, the same number sequence is generated because each successive call to the Rnd function uses the previous number as a seed for the next number in the sequence.', 11, NULL, 36, 2),
(174, 'Keimeno 170', 'www.link170.edu', 'For any given initial seed, the same number sequence is generated because each successive call to the Rnd function uses the previous number as a seed for the next number in the sequence.', 19, NULL, 107, 3),
(175, 'Keimeno 171', 'www.link171.edu', 'For any given initial seed, the same number sequence is generated because each successive call to the Rnd function uses the previous number as a seed for the next number in the sequence.', 3, NULL, 92, 3),
(176, 'Keimeno 172', 'www.link172.edu', 'For any given initial seed, the same number sequence is generated because each successive call to the Rnd function uses the previous number as a seed for the next number in the sequence.', 18, NULL, 57, 4),
(177, 'Keimeno 173', 'www.link173.edu', 'For any given initial seed, the same number sequence is generated because each successive call to the Rnd function uses the previous number as a seed for the next number in the sequence.', 5, NULL, 19, 1),
(178, 'Keimeno 174', 'www.link174.edu', 'For any given initial seed, the same number sequence is generated because each successive call to the Rnd function uses the previous number as a seed for the next number in the sequence.', 15, NULL, 57, 4),
(179, 'Keimeno 175', 'www.link175.edu', 'For any given initial seed, the same number sequence is generated because each successive call to the Rnd function uses the previous number as a seed for the next number in the sequence.', 14, NULL, 79, 4),
(180, 'Keimeno 176', 'www.link176.edu', 'For any given initial seed, the same number sequence is generated because each successive call to the Rnd function uses the previous number as a seed for the next number in the sequence.', 7, NULL, 36, 1),
(181, 'Keimeno 177', 'www.link177.edu', 'For any given initial seed, the same number sequence is generated because each successive call to the Rnd function uses the previous number as a seed for the next number in the sequence.', 16, NULL, 67, 4),
(182, 'Keimeno 178', 'www.link178.edu', 'For any given initial seed, the same number sequence is generated because each successive call to the Rnd function uses the previous number as a seed for the next number in the sequence.', 14, NULL, 96, 2),
(183, 'Keimeno 179', 'www.link179.edu', 'For any given initial seed, the same number sequence is generated because each successive call to the Rnd function uses the previous number as a seed for the next number in the sequence.', 15, NULL, 93, 6),
(184, 'Keimeno 180', 'www.link180.edu', 'For any given initial seed, the same number sequence is generated because each successive call to the Rnd function uses the previous number as a seed for the next number in the sequence.', 4, NULL, 50, 3),
(185, 'Keimeno 181', 'www.link181.edu', 'For any given initial seed, the same number sequence is generated because each successive call to the Rnd function uses the previous number as a seed for the next number in the sequence.', 9, NULL, 48, 2),
(186, 'Keimeno 182', 'www.link182.edu', 'For any given initial seed, the same number sequence is generated because each successive call to the Rnd function uses the previous number as a seed for the next number in the sequence.', 19, NULL, 37, 2),
(187, 'Keimeno 183', 'www.link183.edu', 'For any given initial seed, the same number sequence is generated because each successive call to the Rnd function uses the previous number as a seed for the next number in the sequence.', 8, NULL, 99, 2),
(188, 'Keimeno 184', 'www.link184.edu', 'For any given initial seed, the same number sequence is generated because each successive call to the Rnd function uses the previous number as a seed for the next number in the sequence.', 3, NULL, 18, 1),
(189, 'Keimeno 185', 'www.link185.edu', 'For any given initial seed, the same number sequence is generated because each successive call to the Rnd function uses the previous number as a seed for the next number in the sequence.', 11, NULL, 49, 4),
(190, 'Keimeno 186', 'www.link186.edu', 'For any given initial seed, the same number sequence is generated because each successive call to the Rnd function uses the previous number as a seed for the next number in the sequence.', 4, NULL, 104, 5),
(191, 'Keimeno 187', 'www.link187.edu', 'For any given initial seed, the same number sequence is generated because each successive call to the Rnd function uses the previous number as a seed for the next number in the sequence.', 6, NULL, 26, 4),
(192, 'Keimeno 188', 'www.link188.edu', 'For any given initial seed, the same number sequence is generated because each successive call to the Rnd function uses the previous number as a seed for the next number in the sequence.', 11, NULL, 92, 5),
(193, 'Keimeno 189', 'www.link189.edu', 'For any given initial seed, the same number sequence is generated because each successive call to the Rnd function uses the previous number as a seed for the next number in the sequence.', 6, NULL, 61, 5),
(194, 'Keimeno 190', 'www.link190.edu', 'For any given initial seed, the same number sequence is generated because each successive call to the Rnd function uses the previous number as a seed for the next number in the sequence.', 7, NULL, 45, 6),
(195, 'Keimeno 191', 'www.link191.edu', 'For any given initial seed, the same number sequence is generated because each successive call to the Rnd function uses the previous number as a seed for the next number in the sequence.', 16, NULL, 106, 5),
(196, 'Keimeno 192', 'www.link192.edu', 'For any given initial seed, the same number sequence is generated because each successive call to the Rnd function uses the previous number as a seed for the next number in the sequence.', 12, NULL, 26, 6),
(197, 'Keimeno 193', 'www.link193.edu', 'For any given initial seed, the same number sequence is generated because each successive call to the Rnd function uses the previous number as a seed for the next number in the sequence.', 0, NULL, 12, 1),
(198, 'Keimeno 194', 'www.link194.edu', 'For any given initial seed, the same number sequence is generated because each successive call to the Rnd function uses the previous number as a seed for the next number in the sequence.', 8, NULL, 98, 6),
(199, 'Keimeno 195', 'www.link195.edu', 'For any given initial seed, the same number sequence is generated because each successive call to the Rnd function uses the previous number as a seed for the next number in the sequence.', 9, NULL, 27, 3),
(200, 'Keimeno 196', 'www.link196.edu', 'For any given initial seed, the same number sequence is generated because each successive call to the Rnd function uses the previous number as a seed for the next number in the sequence.', 14, NULL, 58, 3),
(201, 'Keimeno 197', 'www.link197.edu', 'For any given initial seed, the same number sequence is generated because each successive call to the Rnd function uses the previous number as a seed for the next number in the sequence.', 10, NULL, 11, 3),
(202, 'Keimeno 198', 'www.link198.edu', 'For any given initial seed, the same number sequence is generated because each successive call to the Rnd function uses the previous number as a seed for the next number in the sequence.', 0, NULL, 62, 4),
(203, 'Keimeno 199', 'www.link199.edu', 'For any given initial seed, the same number sequence is generated because each successive call to the Rnd function uses the previous number as a seed for the next number in the sequence.', 20, NULL, 34, 1),
(204, 'Keimeno 200', 'www.link200.edu', 'For any given initial seed, the same number sequence is generated because each successive call to the Rnd function uses the previous number as a seed for the next number in the sequence.', 10, NULL, 24, 2),
(205, 'Keimeno 201', 'www.link201.edu', 'For any given initial seed, the same number sequence is generated because each successive call to the Rnd function uses the previous number as a seed for the next number in the sequence.', 10, NULL, 17, 2),
(206, 'Keimeno 202', 'www.link202.edu', 'For any given initial seed, the same number sequence is generated because each successive call to the Rnd function uses the previous number as a seed for the next number in the sequence.', 6, NULL, 76, 5),
(207, 'Keimeno 203', 'www.link203.edu', 'For any given initial seed, the same number sequence is generated because each successive call to the Rnd function uses the previous number as a seed for the next number in the sequence.', 3, NULL, 55, 1),
(208, 'Keimeno 204', 'www.link204.edu', 'For any given initial seed, the same number sequence is generated because each successive call to the Rnd function uses the previous number as a seed for the next number in the sequence.', 7, NULL, 26, 1);
INSERT INTO `recommend` (`id`, `title`, `link`, `perigrafi`, `views`, `readn`, `id_user`, `id_cat`) VALUES
(209, 'Keimeno 205', 'www.link205.edu', 'For any given initial seed, the same number sequence is generated because each successive call to the Rnd function uses the previous number as a seed for the next number in the sequence.', 18, NULL, 35, 1),
(210, 'Keimeno 206', 'www.link206.edu', 'For any given initial seed, the same number sequence is generated because each successive call to the Rnd function uses the previous number as a seed for the next number in the sequence.', 3, NULL, 86, 6),
(211, 'Keimeno 207', 'www.link207.edu', 'For any given initial seed, the same number sequence is generated because each successive call to the Rnd function uses the previous number as a seed for the next number in the sequence.', 12, NULL, 87, 3),
(212, 'Keimeno 208', 'www.link208.edu', 'For any given initial seed, the same number sequence is generated because each successive call to the Rnd function uses the previous number as a seed for the next number in the sequence.', 12, NULL, 34, 3),
(213, 'Keimeno 209', 'www.link209.edu', 'For any given initial seed, the same number sequence is generated because each successive call to the Rnd function uses the previous number as a seed for the next number in the sequence.', 12, NULL, 109, 1),
(214, 'Keimeno 210', 'www.link210.edu', 'For any given initial seed, the same number sequence is generated because each successive call to the Rnd function uses the previous number as a seed for the next number in the sequence.', 6, NULL, 31, 4),
(215, 'Keimeno 211', 'www.link211.edu', 'For any given initial seed, the same number sequence is generated because each successive call to the Rnd function uses the previous number as a seed for the next number in the sequence.', 6, NULL, 27, 1),
(216, 'Keimeno 212', 'www.link212.edu', 'For any given initial seed, the same number sequence is generated because each successive call to the Rnd function uses the previous number as a seed for the next number in the sequence.', 12, NULL, 73, 6),
(217, 'Keimeno 213', 'www.link213.edu', 'For any given initial seed, the same number sequence is generated because each successive call to the Rnd function uses the previous number as a seed for the next number in the sequence.', 12, NULL, 82, 5),
(218, 'Keimeno 214', 'www.link214.edu', 'For any given initial seed, the same number sequence is generated because each successive call to the Rnd function uses the previous number as a seed for the next number in the sequence.', 9, NULL, 41, 3),
(219, 'Keimeno 215', 'www.link215.edu', 'For any given initial seed, the same number sequence is generated because each successive call to the Rnd function uses the previous number as a seed for the next number in the sequence.', 3, NULL, 33, 3),
(220, 'Keimeno 216', 'www.link216.edu', 'For any given initial seed, the same number sequence is generated because each successive call to the Rnd function uses the previous number as a seed for the next number in the sequence.', 9, NULL, 43, 5),
(221, 'Keimeno 217', 'www.link217.edu', 'For any given initial seed, the same number sequence is generated because each successive call to the Rnd function uses the previous number as a seed for the next number in the sequence.', 14, NULL, 34, 3),
(222, 'Keimeno 218', 'www.link218.edu', 'For any given initial seed, the same number sequence is generated because each successive call to the Rnd function uses the previous number as a seed for the next number in the sequence.', 20, NULL, 88, 6),
(223, 'Keimeno 219', 'www.link219.edu', 'For any given initial seed, the same number sequence is generated because each successive call to the Rnd function uses the previous number as a seed for the next number in the sequence.', 10, NULL, 99, 2),
(224, 'Keimeno 220', 'www.link220.edu', 'For any given initial seed, the same number sequence is generated because each successive call to the Rnd function uses the previous number as a seed for the next number in the sequence.', 17, NULL, 101, 3),
(225, 'Keimeno 221', 'www.link221.edu', 'For any given initial seed, the same number sequence is generated because each successive call to the Rnd function uses the previous number as a seed for the next number in the sequence.', 7, NULL, 62, 4),
(226, 'Keimeno 222', 'www.link222.edu', 'For any given initial seed, the same number sequence is generated because each successive call to the Rnd function uses the previous number as a seed for the next number in the sequence.', 0, NULL, 10, 3),
(227, 'Keimeno 223', 'www.link223.edu', 'For any given initial seed, the same number sequence is generated because each successive call to the Rnd function uses the previous number as a seed for the next number in the sequence.', 9, NULL, 35, 3),
(228, 'Keimeno 224', 'www.link224.edu', 'For any given initial seed, the same number sequence is generated because each successive call to the Rnd function uses the previous number as a seed for the next number in the sequence.', 4, NULL, 28, 4),
(229, 'Keimeno 225', 'www.link225.edu', 'For any given initial seed, the same number sequence is generated because each successive call to the Rnd function uses the previous number as a seed for the next number in the sequence.', 20, NULL, 18, 5),
(230, 'Keimeno 226', 'www.link226.edu', 'For any given initial seed, the same number sequence is generated because each successive call to the Rnd function uses the previous number as a seed for the next number in the sequence.', 4, NULL, 84, 5),
(231, 'Keimeno 227', 'www.link227.edu', 'For any given initial seed, the same number sequence is generated because each successive call to the Rnd function uses the previous number as a seed for the next number in the sequence.', 19, NULL, 19, 5),
(232, 'Keimeno 228', 'www.link228.edu', 'For any given initial seed, the same number sequence is generated because each successive call to the Rnd function uses the previous number as a seed for the next number in the sequence.', 0, NULL, 64, 5),
(233, 'Keimeno 229', 'www.link229.edu', 'For any given initial seed, the same number sequence is generated because each successive call to the Rnd function uses the previous number as a seed for the next number in the sequence.', 6, NULL, 47, 6),
(234, 'Keimeno 230', 'www.link230.edu', 'For any given initial seed, the same number sequence is generated because each successive call to the Rnd function uses the previous number as a seed for the next number in the sequence.', 17, NULL, 101, 2),
(235, 'Keimeno 231', 'www.link231.edu', 'For any given initial seed, the same number sequence is generated because each successive call to the Rnd function uses the previous number as a seed for the next number in the sequence.', 17, NULL, 57, 1),
(236, 'Keimeno 232', 'www.link232.edu', 'For any given initial seed, the same number sequence is generated because each successive call to the Rnd function uses the previous number as a seed for the next number in the sequence.', 0, NULL, 107, 2),
(237, 'Keimeno 233', 'www.link233.edu', 'For any given initial seed, the same number sequence is generated because each successive call to the Rnd function uses the previous number as a seed for the next number in the sequence.', 9, NULL, 56, 3),
(238, 'Keimeno 234', 'www.link234.edu', 'For any given initial seed, the same number sequence is generated because each successive call to the Rnd function uses the previous number as a seed for the next number in the sequence.', 17, NULL, 11, 6),
(239, 'Keimeno 235', 'www.link235.edu', 'For any given initial seed, the same number sequence is generated because each successive call to the Rnd function uses the previous number as a seed for the next number in the sequence.', 7, NULL, 36, 2),
(240, 'Keimeno 236', 'www.link236.edu', 'For any given initial seed, the same number sequence is generated because each successive call to the Rnd function uses the previous number as a seed for the next number in the sequence.', 17, NULL, 53, 5),
(241, 'Keimeno 237', 'www.link237.edu', 'For any given initial seed, the same number sequence is generated because each successive call to the Rnd function uses the previous number as a seed for the next number in the sequence.', 0, NULL, 95, 4),
(242, 'Keimeno 238', 'www.link238.edu', 'For any given initial seed, the same number sequence is generated because each successive call to the Rnd function uses the previous number as a seed for the next number in the sequence.', 10, NULL, 77, 6),
(243, 'Keimeno 239', 'www.link239.edu', 'For any given initial seed, the same number sequence is generated because each successive call to the Rnd function uses the previous number as a seed for the next number in the sequence.', 15, NULL, 53, 5),
(244, 'Keimeno 240', 'www.link240.edu', 'For any given initial seed, the same number sequence is generated because each successive call to the Rnd function uses the previous number as a seed for the next number in the sequence.', 4, NULL, 34, 4),
(245, 'Keimeno 241', 'www.link241.edu', 'For any given initial seed, the same number sequence is generated because each successive call to the Rnd function uses the previous number as a seed for the next number in the sequence.', 4, NULL, 19, 4),
(246, 'Keimeno 242', 'www.link242.edu', 'For any given initial seed, the same number sequence is generated because each successive call to the Rnd function uses the previous number as a seed for the next number in the sequence.', 8, NULL, 50, 5),
(247, 'Keimeno 243', 'www.link243.edu', 'For any given initial seed, the same number sequence is generated because each successive call to the Rnd function uses the previous number as a seed for the next number in the sequence.', 9, NULL, 11, 1),
(248, 'Keimeno 244', 'www.link244.edu', 'For any given initial seed, the same number sequence is generated because each successive call to the Rnd function uses the previous number as a seed for the next number in the sequence.', 11, NULL, 104, 1),
(249, 'Keimeno 245', 'www.link245.edu', 'For any given initial seed, the same number sequence is generated because each successive call to the Rnd function uses the previous number as a seed for the next number in the sequence.', 5, NULL, 97, 1),
(250, 'Keimeno 246', 'www.link246.edu', 'For any given initial seed, the same number sequence is generated because each successive call to the Rnd function uses the previous number as a seed for the next number in the sequence.', 14, NULL, 97, 2),
(251, 'Keimeno 247', 'www.link247.edu', 'For any given initial seed, the same number sequence is generated because each successive call to the Rnd function uses the previous number as a seed for the next number in the sequence.', 0, NULL, 10, 4),
(252, 'Keimeno 248', 'www.link248.edu', 'For any given initial seed, the same number sequence is generated because each successive call to the Rnd function uses the previous number as a seed for the next number in the sequence.', 2, NULL, 56, 3),
(253, 'Keimeno 249', 'www.link249.edu', 'For any given initial seed, the same number sequence is generated because each successive call to the Rnd function uses the previous number as a seed for the next number in the sequence.', 10, NULL, 50, 6),
(254, 'Keimeno 250', 'www.link250.edu', 'For any given initial seed, the same number sequence is generated because each successive call to the Rnd function uses the previous number as a seed for the next number in the sequence.', 0, NULL, 73, 2),
(255, 'Keimeno 251', 'www.link251.edu', 'For any given initial seed, the same number sequence is generated because each successive call to the Rnd function uses the previous number as a seed for the next number in the sequence.', 9, NULL, 52, 6),
(256, 'Keimeno 252', 'www.link252.edu', 'For any given initial seed, the same number sequence is generated because each successive call to the Rnd function uses the previous number as a seed for the next number in the sequence.', 13, NULL, 62, 1),
(257, 'Keimeno 253', 'www.link253.edu', 'For any given initial seed, the same number sequence is generated because each successive call to the Rnd function uses the previous number as a seed for the next number in the sequence.', 4, NULL, 71, 3),
(258, 'Keimeno 254', 'www.link254.edu', 'For any given initial seed, the same number sequence is generated because each successive call to the Rnd function uses the previous number as a seed for the next number in the sequence.', 6, NULL, 68, 4),
(259, 'Keimeno 255', 'www.link255.edu', 'For any given initial seed, the same number sequence is generated because each successive call to the Rnd function uses the previous number as a seed for the next number in the sequence.', 0, NULL, 33, 1),
(260, 'Keimeno 256', 'www.link256.edu', 'For any given initial seed, the same number sequence is generated because each successive call to the Rnd function uses the previous number as a seed for the next number in the sequence.', 18, NULL, 48, 5),
(261, 'Keimeno 257', 'www.link257.edu', 'For any given initial seed, the same number sequence is generated because each successive call to the Rnd function uses the previous number as a seed for the next number in the sequence.', 4, NULL, 60, 2),
(262, 'Keimeno 258', 'www.link258.edu', 'For any given initial seed, the same number sequence is generated because each successive call to the Rnd function uses the previous number as a seed for the next number in the sequence.', 6, NULL, 35, 6),
(263, 'Keimeno 259', 'www.link259.edu', 'For any given initial seed, the same number sequence is generated because each successive call to the Rnd function uses the previous number as a seed for the next number in the sequence.', 11, NULL, 49, 1),
(264, 'Keimeno 260', 'www.link260.edu', 'For any given initial seed, the same number sequence is generated because each successive call to the Rnd function uses the previous number as a seed for the next number in the sequence.', 15, NULL, 93, 1),
(265, 'Keimeno 261', 'www.link261.edu', 'For any given initial seed, the same number sequence is generated because each successive call to the Rnd function uses the previous number as a seed for the next number in the sequence.', 12, NULL, 88, 3),
(266, 'Keimeno 262', 'www.link262.edu', 'For any given initial seed, the same number sequence is generated because each successive call to the Rnd function uses the previous number as a seed for the next number in the sequence.', 12, NULL, 18, 2),
(267, 'Keimeno 263', 'www.link263.edu', 'For any given initial seed, the same number sequence is generated because each successive call to the Rnd function uses the previous number as a seed for the next number in the sequence.', 13, NULL, 76, 2),
(268, 'Keimeno 264', 'www.link264.edu', 'For any given initial seed, the same number sequence is generated because each successive call to the Rnd function uses the previous number as a seed for the next number in the sequence.', 5, NULL, 22, 3),
(269, 'Keimeno 265', 'www.link265.edu', 'For any given initial seed, the same number sequence is generated because each successive call to the Rnd function uses the previous number as a seed for the next number in the sequence.', 15, NULL, 66, 5),
(270, 'Keimeno 266', 'www.link266.edu', 'For any given initial seed, the same number sequence is generated because each successive call to the Rnd function uses the previous number as a seed for the next number in the sequence.', 1, NULL, 44, 6),
(271, 'Keimeno 267', 'www.link267.edu', 'For any given initial seed, the same number sequence is generated because each successive call to the Rnd function uses the previous number as a seed for the next number in the sequence.', 9, NULL, 90, 4),
(272, 'Keimeno 268', 'www.link268.edu', 'For any given initial seed, the same number sequence is generated because each successive call to the Rnd function uses the previous number as a seed for the next number in the sequence.', 13, NULL, 78, 5),
(273, 'Keimeno 269', 'www.link269.edu', 'For any given initial seed, the same number sequence is generated because each successive call to the Rnd function uses the previous number as a seed for the next number in the sequence.', 19, NULL, 108, 2),
(274, 'Keimeno 270', 'www.link270.edu', 'For any given initial seed, the same number sequence is generated because each successive call to the Rnd function uses the previous number as a seed for the next number in the sequence.', 6, NULL, 106, 4),
(275, 'Keimeno 271', 'www.link271.edu', 'For any given initial seed, the same number sequence is generated because each successive call to the Rnd function uses the previous number as a seed for the next number in the sequence.', 12, NULL, 57, 3),
(276, 'Keimeno 272', 'www.link272.edu', 'For any given initial seed, the same number sequence is generated because each successive call to the Rnd function uses the previous number as a seed for the next number in the sequence.', 18, NULL, 98, 6),
(277, 'Keimeno 273', 'www.link273.edu', 'For any given initial seed, the same number sequence is generated because each successive call to the Rnd function uses the previous number as a seed for the next number in the sequence.', 4, NULL, 59, 6),
(278, 'Keimeno 274', 'www.link274.edu', 'For any given initial seed, the same number sequence is generated because each successive call to the Rnd function uses the previous number as a seed for the next number in the sequence.', 10, NULL, 66, 4),
(279, 'Keimeno 275', 'www.link275.edu', 'For any given initial seed, the same number sequence is generated because each successive call to the Rnd function uses the previous number as a seed for the next number in the sequence.', 5, NULL, 65, 4),
(280, 'Keimeno 276', 'www.link276.edu', 'For any given initial seed, the same number sequence is generated because each successive call to the Rnd function uses the previous number as a seed for the next number in the sequence.', 13, NULL, 101, 4),
(281, 'Keimeno 277', 'www.link277.edu', 'For any given initial seed, the same number sequence is generated because each successive call to the Rnd function uses the previous number as a seed for the next number in the sequence.', 10, NULL, 33, 6),
(282, 'Keimeno 278', 'www.link278.edu', 'For any given initial seed, the same number sequence is generated because each successive call to the Rnd function uses the previous number as a seed for the next number in the sequence.', 18, NULL, 64, 4),
(283, 'Keimeno 279', 'www.link279.edu', 'For any given initial seed, the same number sequence is generated because each successive call to the Rnd function uses the previous number as a seed for the next number in the sequence.', 3, NULL, 100, 5),
(284, 'Keimeno 280', 'www.link280.edu', 'For any given initial seed, the same number sequence is generated because each successive call to the Rnd function uses the previous number as a seed for the next number in the sequence.', 20, NULL, 33, 4),
(285, 'Keimeno 281', 'www.link281.edu', 'For any given initial seed, the same number sequence is generated because each successive call to the Rnd function uses the previous number as a seed for the next number in the sequence.', 19, NULL, 28, 5),
(286, 'Keimeno 282', 'www.link282.edu', 'For any given initial seed, the same number sequence is generated because each successive call to the Rnd function uses the previous number as a seed for the next number in the sequence.', 16, NULL, 108, 6),
(287, 'Keimeno 283', 'www.link283.edu', 'For any given initial seed, the same number sequence is generated because each successive call to the Rnd function uses the previous number as a seed for the next number in the sequence.', 4, NULL, 51, 5),
(288, 'Keimeno 284', 'www.link284.edu', 'For any given initial seed, the same number sequence is generated because each successive call to the Rnd function uses the previous number as a seed for the next number in the sequence.', 2, NULL, 25, 2),
(289, 'Keimeno 285', 'www.link285.edu', 'For any given initial seed, the same number sequence is generated because each successive call to the Rnd function uses the previous number as a seed for the next number in the sequence.', 12, NULL, 80, 5),
(290, 'Keimeno 286', 'www.link286.edu', 'For any given initial seed, the same number sequence is generated because each successive call to the Rnd function uses the previous number as a seed for the next number in the sequence.', 8, NULL, 96, 5),
(291, 'Keimeno 287', 'www.link287.edu', 'For any given initial seed, the same number sequence is generated because each successive call to the Rnd function uses the previous number as a seed for the next number in the sequence.', 11, NULL, 39, 2),
(292, 'Keimeno 288', 'www.link288.edu', 'For any given initial seed, the same number sequence is generated because each successive call to the Rnd function uses the previous number as a seed for the next number in the sequence.', 17, NULL, 35, 3),
(293, 'Keimeno 289', 'www.link289.edu', 'For any given initial seed, the same number sequence is generated because each successive call to the Rnd function uses the previous number as a seed for the next number in the sequence.', 0, NULL, 34, 6),
(294, 'Keimeno 290', 'www.link290.edu', 'For any given initial seed, the same number sequence is generated because each successive call to the Rnd function uses the previous number as a seed for the next number in the sequence.', 10, NULL, 95, 3),
(295, 'Keimeno 291', 'www.link291.edu', 'For any given initial seed, the same number sequence is generated because each successive call to the Rnd function uses the previous number as a seed for the next number in the sequence.', 19, NULL, 69, 6),
(296, 'Keimeno 292', 'www.link292.edu', 'For any given initial seed, the same number sequence is generated because each successive call to the Rnd function uses the previous number as a seed for the next number in the sequence.', 4, NULL, 61, 2),
(297, 'Keimeno 293', 'www.link293.edu', 'For any given initial seed, the same number sequence is generated because each successive call to the Rnd function uses the previous number as a seed for the next number in the sequence.', 18, NULL, 82, 4),
(298, 'Keimeno 294', 'www.link294.edu', 'For any given initial seed, the same number sequence is generated because each successive call to the Rnd function uses the previous number as a seed for the next number in the sequence.', 10, NULL, 84, 6),
(299, 'Keimeno 295', 'www.link295.edu', 'For any given initial seed, the same number sequence is generated because each successive call to the Rnd function uses the previous number as a seed for the next number in the sequence.', 1, NULL, 82, 6),
(300, 'Keimeno 296', 'www.link296.edu', 'For any given initial seed, the same number sequence is generated because each successive call to the Rnd function uses the previous number as a seed for the next number in the sequence.', 4, NULL, 37, 1),
(301, 'Keimeno 297', 'www.link297.edu', 'For any given initial seed, the same number sequence is generated because each successive call to the Rnd function uses the previous number as a seed for the next number in the sequence.', 6, NULL, 105, 4),
(302, 'Keimeno 298', 'www.link298.edu', 'For any given initial seed, the same number sequence is generated because each successive call to the Rnd function uses the previous number as a seed for the next number in the sequence.', 1, NULL, 90, 3),
(303, 'Keimeno 299', 'www.link299.edu', 'For any given initial seed, the same number sequence is generated because each successive call to the Rnd function uses the previous number as a seed for the next number in the sequence.', 16, NULL, 63, 5),
(304, 'Keimeno 300', 'www.link300.edu', 'For any given initial seed, the same number sequence is generated because each successive call to the Rnd function uses the previous number as a seed for the next number in the sequence.', 14, NULL, 20, 3),
(305, 'Keimeno 301', 'www.link301.edu', 'For any given initial seed, the same number sequence is generated because each successive call to the Rnd function uses the previous number as a seed for the next number in the sequence.', 14, NULL, 58, 4),
(306, 'Keimeno 302', 'www.link302.edu', 'For any given initial seed, the same number sequence is generated because each successive call to the Rnd function uses the previous number as a seed for the next number in the sequence.', 14, NULL, 80, 4),
(307, 'Keimeno 303', 'www.link303.edu', 'For any given initial seed, the same number sequence is generated because each successive call to the Rnd function uses the previous number as a seed for the next number in the sequence.', 0, NULL, 33, 1),
(308, 'Keimeno 304', 'www.link304.edu', 'For any given initial seed, the same number sequence is generated because each successive call to the Rnd function uses the previous number as a seed for the next number in the sequence.', 10, NULL, 66, 1),
(309, 'Keimeno 305', 'www.link305.edu', 'For any given initial seed, the same number sequence is generated because each successive call to the Rnd function uses the previous number as a seed for the next number in the sequence.', 12, NULL, 58, 4),
(310, 'Keimeno 306', 'www.link306.edu', 'For any given initial seed, the same number sequence is generated because each successive call to the Rnd function uses the previous number as a seed for the next number in the sequence.', 19, NULL, 61, 2),
(311, 'Keimeno 307', 'www.link307.edu', 'For any given initial seed, the same number sequence is generated because each successive call to the Rnd function uses the previous number as a seed for the next number in the sequence.', 2, NULL, 93, 5),
(312, 'Keimeno 308', 'www.link308.edu', 'For any given initial seed, the same number sequence is generated because each successive call to the Rnd function uses the previous number as a seed for the next number in the sequence.', 0, NULL, 77, 6),
(313, 'Keimeno 309', 'www.link309.edu', 'For any given initial seed, the same number sequence is generated because each successive call to the Rnd function uses the previous number as a seed for the next number in the sequence.', 12, NULL, 97, 3),
(314, 'Keimeno 310', 'www.link310.edu', 'For any given initial seed, the same number sequence is generated because each successive call to the Rnd function uses the previous number as a seed for the next number in the sequence.', 9, NULL, 41, 1),
(315, 'Keimeno 311', 'www.link311.edu', 'For any given initial seed, the same number sequence is generated because each successive call to the Rnd function uses the previous number as a seed for the next number in the sequence.', 15, NULL, 25, 4),
(316, 'Keimeno 312', 'www.link312.edu', 'For any given initial seed, the same number sequence is generated because each successive call to the Rnd function uses the previous number as a seed for the next number in the sequence.', 9, NULL, 20, 2),
(317, 'Keimeno 313', 'www.link313.edu', 'For any given initial seed, the same number sequence is generated because each successive call to the Rnd function uses the previous number as a seed for the next number in the sequence.', 6, NULL, 31, 1),
(318, 'Keimeno 314', 'www.link314.edu', 'For any given initial seed, the same number sequence is generated because each successive call to the Rnd function uses the previous number as a seed for the next number in the sequence.', 3, NULL, 81, 3),
(319, 'Keimeno 315', 'www.link315.edu', 'For any given initial seed, the same number sequence is generated because each successive call to the Rnd function uses the previous number as a seed for the next number in the sequence.', 5, NULL, 62, 4),
(320, 'Keimeno 316', 'www.link316.edu', 'For any given initial seed, the same number sequence is generated because each successive call to the Rnd function uses the previous number as a seed for the next number in the sequence.', 3, NULL, 42, 6),
(321, 'Keimeno 317', 'www.link317.edu', 'For any given initial seed, the same number sequence is generated because each successive call to the Rnd function uses the previous number as a seed for the next number in the sequence.', 6, NULL, 31, 6),
(322, 'Keimeno 318', 'www.link318.edu', 'For any given initial seed, the same number sequence is generated because each successive call to the Rnd function uses the previous number as a seed for the next number in the sequence.', 17, NULL, 15, 2),
(323, 'Keimeno 319', 'www.link319.edu', 'For any given initial seed, the same number sequence is generated because each successive call to the Rnd function uses the previous number as a seed for the next number in the sequence.', 19, NULL, 42, 5),
(324, 'Keimeno 320', 'www.link320.edu', 'For any given initial seed, the same number sequence is generated because each successive call to the Rnd function uses the previous number as a seed for the next number in the sequence.', 16, NULL, 85, 3),
(325, 'Keimeno 321', 'www.link321.edu', 'For any given initial seed, the same number sequence is generated because each successive call to the Rnd function uses the previous number as a seed for the next number in the sequence.', 4, NULL, 33, 2),
(326, 'Keimeno 322', 'www.link322.edu', 'For any given initial seed, the same number sequence is generated because each successive call to the Rnd function uses the previous number as a seed for the next number in the sequence.', 19, NULL, 75, 5),
(327, 'Keimeno 323', 'www.link323.edu', 'For any given initial seed, the same number sequence is generated because each successive call to the Rnd function uses the previous number as a seed for the next number in the sequence.', 11, NULL, 30, 6),
(328, 'Keimeno 324', 'www.link324.edu', 'For any given initial seed, the same number sequence is generated because each successive call to the Rnd function uses the previous number as a seed for the next number in the sequence.', 3, NULL, 97, 2),
(329, 'Keimeno 325', 'www.link325.edu', 'For any given initial seed, the same number sequence is generated because each successive call to the Rnd function uses the previous number as a seed for the next number in the sequence.', 20, NULL, 100, 3),
(330, 'Keimeno 326', 'www.link326.edu', 'For any given initial seed, the same number sequence is generated because each successive call to the Rnd function uses the previous number as a seed for the next number in the sequence.', 5, NULL, 31, 6),
(331, 'Keimeno 327', 'www.link327.edu', 'For any given initial seed, the same number sequence is generated because each successive call to the Rnd function uses the previous number as a seed for the next number in the sequence.', 12, NULL, 83, 5),
(332, 'Keimeno 328', 'www.link328.edu', 'For any given initial seed, the same number sequence is generated because each successive call to the Rnd function uses the previous number as a seed for the next number in the sequence.', 0, NULL, 82, 5),
(333, 'Keimeno 329', 'www.link329.edu', 'For any given initial seed, the same number sequence is generated because each successive call to the Rnd function uses the previous number as a seed for the next number in the sequence.', 0, NULL, 27, 3),
(334, 'Keimeno 330', 'www.link330.edu', 'For any given initial seed, the same number sequence is generated because each successive call to the Rnd function uses the previous number as a seed for the next number in the sequence.', 18, NULL, 33, 2),
(335, 'Keimeno 331', 'www.link331.edu', 'For any given initial seed, the same number sequence is generated because each successive call to the Rnd function uses the previous number as a seed for the next number in the sequence.', 4, NULL, 83, 1),
(336, 'Keimeno 332', 'www.link332.edu', 'For any given initial seed, the same number sequence is generated because each successive call to the Rnd function uses the previous number as a seed for the next number in the sequence.', 15, NULL, 94, 4),
(337, 'Keimeno 333', 'www.link333.edu', 'For any given initial seed, the same number sequence is generated because each successive call to the Rnd function uses the previous number as a seed for the next number in the sequence.', 13, NULL, 78, 6),
(338, 'Keimeno 334', 'www.link334.edu', 'For any given initial seed, the same number sequence is generated because each successive call to the Rnd function uses the previous number as a seed for the next number in the sequence.', 7, NULL, 41, 3),
(339, 'Keimeno 335', 'www.link335.edu', 'For any given initial seed, the same number sequence is generated because each successive call to the Rnd function uses the previous number as a seed for the next number in the sequence.', 20, NULL, 40, 5),
(340, 'Keimeno 336', 'www.link336.edu', 'For any given initial seed, the same number sequence is generated because each successive call to the Rnd function uses the previous number as a seed for the next number in the sequence.', 13, NULL, 73, 3),
(341, 'Keimeno 337', 'www.link337.edu', 'For any given initial seed, the same number sequence is generated because each successive call to the Rnd function uses the previous number as a seed for the next number in the sequence.', 14, NULL, 44, 2),
(342, 'Keimeno 338', 'www.link338.edu', 'For any given initial seed, the same number sequence is generated because each successive call to the Rnd function uses the previous number as a seed for the next number in the sequence.', 5, NULL, 94, 5),
(343, 'Keimeno 339', 'www.link339.edu', 'For any given initial seed, the same number sequence is generated because each successive call to the Rnd function uses the previous number as a seed for the next number in the sequence.', 20, NULL, 84, 5),
(344, 'Keimeno 340', 'www.link340.edu', 'For any given initial seed, the same number sequence is generated because each successive call to the Rnd function uses the previous number as a seed for the next number in the sequence.', 4, NULL, 79, 5),
(345, 'Keimeno 341', 'www.link341.edu', 'For any given initial seed, the same number sequence is generated because each successive call to the Rnd function uses the previous number as a seed for the next number in the sequence.', 1, NULL, 59, 4),
(346, 'Keimeno 342', 'www.link342.edu', 'For any given initial seed, the same number sequence is generated because each successive call to the Rnd function uses the previous number as a seed for the next number in the sequence.', 2, NULL, 37, 6),
(347, 'Keimeno 343', 'www.link343.edu', 'For any given initial seed, the same number sequence is generated because each successive call to the Rnd function uses the previous number as a seed for the next number in the sequence.', 5, NULL, 18, 1),
(348, 'Keimeno 344', 'www.link344.edu', 'For any given initial seed, the same number sequence is generated because each successive call to the Rnd function uses the previous number as a seed for the next number in the sequence.', 10, NULL, 36, 2),
(349, 'Keimeno 345', 'www.link345.edu', 'For any given initial seed, the same number sequence is generated because each successive call to the Rnd function uses the previous number as a seed for the next number in the sequence.', 19, NULL, 27, 4),
(350, 'Keimeno 346', 'www.link346.edu', 'For any given initial seed, the same number sequence is generated because each successive call to the Rnd function uses the previous number as a seed for the next number in the sequence.', 5, NULL, 61, 1),
(351, 'Keimeno 347', 'www.link347.edu', 'For any given initial seed, the same number sequence is generated because each successive call to the Rnd function uses the previous number as a seed for the next number in the sequence.', 7, NULL, 95, 4),
(352, 'Keimeno 348', 'www.link348.edu', 'For any given initial seed, the same number sequence is generated because each successive call to the Rnd function uses the previous number as a seed for the next number in the sequence.', 1, NULL, 94, 4),
(353, 'Keimeno 349', 'www.link349.edu', 'For any given initial seed, the same number sequence is generated because each successive call to the Rnd function uses the previous number as a seed for the next number in the sequence.', 3, NULL, 80, 1),
(354, 'Keimeno 350', 'www.link350.edu', 'For any given initial seed, the same number sequence is generated because each successive call to the Rnd function uses the previous number as a seed for the next number in the sequence.', 18, NULL, 107, 2),
(355, 'Keimeno 351', 'www.link351.edu', 'For any given initial seed, the same number sequence is generated because each successive call to the Rnd function uses the previous number as a seed for the next number in the sequence.', 16, NULL, 73, 5),
(356, 'Keimeno 352', 'www.link352.edu', 'For any given initial seed, the same number sequence is generated because each successive call to the Rnd function uses the previous number as a seed for the next number in the sequence.', 0, NULL, 80, 6),
(357, 'Keimeno 353', 'www.link353.edu', 'For any given initial seed, the same number sequence is generated because each successive call to the Rnd function uses the previous number as a seed for the next number in the sequence.', 11, NULL, 65, 4),
(358, 'Keimeno 354', 'www.link354.edu', 'For any given initial seed, the same number sequence is generated because each successive call to the Rnd function uses the previous number as a seed for the next number in the sequence.', 20, NULL, 76, 1),
(359, 'Keimeno 355', 'www.link355.edu', 'For any given initial seed, the same number sequence is generated because each successive call to the Rnd function uses the previous number as a seed for the next number in the sequence.', 16, NULL, 15, 6),
(360, 'Keimeno 356', 'www.link356.edu', 'For any given initial seed, the same number sequence is generated because each successive call to the Rnd function uses the previous number as a seed for the next number in the sequence.', 10, NULL, 76, 3),
(361, 'Keimeno 357', 'www.link357.edu', 'For any given initial seed, the same number sequence is generated because each successive call to the Rnd function uses the previous number as a seed for the next number in the sequence.', 0, NULL, 98, 4),
(362, 'Keimeno 358', 'www.link358.edu', 'For any given initial seed, the same number sequence is generated because each successive call to the Rnd function uses the previous number as a seed for the next number in the sequence.', 6, NULL, 57, 5),
(363, 'Keimeno 359', 'www.link359.edu', 'For any given initial seed, the same number sequence is generated because each successive call to the Rnd function uses the previous number as a seed for the next number in the sequence.', 6, NULL, 102, 5),
(364, 'Keimeno 360', 'www.link360.edu', 'For any given initial seed, the same number sequence is generated because each successive call to the Rnd function uses the previous number as a seed for the next number in the sequence.', 15, NULL, 78, 4),
(365, 'Keimeno 361', 'www.link361.edu', 'For any given initial seed, the same number sequence is generated because each successive call to the Rnd function uses the previous number as a seed for the next number in the sequence.', 18, NULL, 13, 1),
(366, 'Keimeno 362', 'www.link362.edu', 'For any given initial seed, the same number sequence is generated because each successive call to the Rnd function uses the previous number as a seed for the next number in the sequence.', 16, NULL, 46, 2),
(367, 'Keimeno 363', 'www.link363.edu', 'For any given initial seed, the same number sequence is generated because each successive call to the Rnd function uses the previous number as a seed for the next number in the sequence.', 3, NULL, 69, 4),
(368, 'Keimeno 364', 'www.link364.edu', 'For any given initial seed, the same number sequence is generated because each successive call to the Rnd function uses the previous number as a seed for the next number in the sequence.', 18, NULL, 61, 1),
(369, 'Keimeno 365', 'www.link365.edu', 'For any given initial seed, the same number sequence is generated because each successive call to the Rnd function uses the previous number as a seed for the next number in the sequence.', 20, NULL, 64, 2),
(370, 'Keimeno 366', 'www.link366.edu', 'For any given initial seed, the same number sequence is generated because each successive call to the Rnd function uses the previous number as a seed for the next number in the sequence.', 14, NULL, 95, 2),
(371, 'Keimeno 367', 'www.link367.edu', 'For any given initial seed, the same number sequence is generated because each successive call to the Rnd function uses the previous number as a seed for the next number in the sequence.', 16, NULL, 60, 5),
(372, 'Keimeno 368', 'www.link368.edu', 'For any given initial seed, the same number sequence is generated because each successive call to the Rnd function uses the previous number as a seed for the next number in the sequence.', 15, NULL, 98, 5),
(373, 'Keimeno 369', 'www.link369.edu', 'For any given initial seed, the same number sequence is generated because each successive call to the Rnd function uses the previous number as a seed for the next number in the sequence.', 6, NULL, 11, 2),
(374, 'Keimeno 370', 'www.link370.edu', 'For any given initial seed, the same number sequence is generated because each successive call to the Rnd function uses the previous number as a seed for the next number in the sequence.', 10, NULL, 99, 1),
(375, 'Keimeno 371', 'www.link371.edu', 'For any given initial seed, the same number sequence is generated because each successive call to the Rnd function uses the previous number as a seed for the next number in the sequence.', 1, NULL, 108, 5),
(376, 'Keimeno 372', 'www.link372.edu', 'For any given initial seed, the same number sequence is generated because each successive call to the Rnd function uses the previous number as a seed for the next number in the sequence.', 9, NULL, 11, 2),
(377, 'Keimeno 373', 'www.link373.edu', 'For any given initial seed, the same number sequence is generated because each successive call to the Rnd function uses the previous number as a seed for the next number in the sequence.', 15, NULL, 47, 1),
(378, 'Keimeno 374', 'www.link374.edu', 'For any given initial seed, the same number sequence is generated because each successive call to the Rnd function uses the previous number as a seed for the next number in the sequence.', 13, NULL, 11, 6),
(379, 'Keimeno 375', 'www.link375.edu', 'For any given initial seed, the same number sequence is generated because each successive call to the Rnd function uses the previous number as a seed for the next number in the sequence.', 5, NULL, 100, 6),
(380, 'Keimeno 376', 'www.link376.edu', 'For any given initial seed, the same number sequence is generated because each successive call to the Rnd function uses the previous number as a seed for the next number in the sequence.', 18, NULL, 88, 2),
(381, 'Keimeno 377', 'www.link377.edu', 'For any given initial seed, the same number sequence is generated because each successive call to the Rnd function uses the previous number as a seed for the next number in the sequence.', 3, NULL, 101, 5),
(382, 'Keimeno 378', 'www.link378.edu', 'For any given initial seed, the same number sequence is generated because each successive call to the Rnd function uses the previous number as a seed for the next number in the sequence.', 7, NULL, 28, 5),
(383, 'Keimeno 379', 'www.link379.edu', 'For any given initial seed, the same number sequence is generated because each successive call to the Rnd function uses the previous number as a seed for the next number in the sequence.', 17, NULL, 93, 2),
(384, 'Keimeno 380', 'www.link380.edu', 'For any given initial seed, the same number sequence is generated because each successive call to the Rnd function uses the previous number as a seed for the next number in the sequence.', 13, NULL, 24, 5),
(385, 'Keimeno 381', 'www.link381.edu', 'For any given initial seed, the same number sequence is generated because each successive call to the Rnd function uses the previous number as a seed for the next number in the sequence.', 4, NULL, 42, 6),
(386, 'Keimeno 382', 'www.link382.edu', 'For any given initial seed, the same number sequence is generated because each successive call to the Rnd function uses the previous number as a seed for the next number in the sequence.', 20, NULL, 76, 3),
(387, 'Keimeno 383', 'www.link383.edu', 'For any given initial seed, the same number sequence is generated because each successive call to the Rnd function uses the previous number as a seed for the next number in the sequence.', 11, NULL, 33, 6),
(388, 'Keimeno 384', 'www.link384.edu', 'For any given initial seed, the same number sequence is generated because each successive call to the Rnd function uses the previous number as a seed for the next number in the sequence.', 2, NULL, 18, 6),
(389, 'Keimeno 385', 'www.link385.edu', 'For any given initial seed, the same number sequence is generated because each successive call to the Rnd function uses the previous number as a seed for the next number in the sequence.', 18, NULL, 35, 6),
(390, 'Keimeno 386', 'www.link386.edu', 'For any given initial seed, the same number sequence is generated because each successive call to the Rnd function uses the previous number as a seed for the next number in the sequence.', 13, NULL, 23, 6),
(391, 'Keimeno 387', 'www.link387.edu', 'For any given initial seed, the same number sequence is generated because each successive call to the Rnd function uses the previous number as a seed for the next number in the sequence.', 17, NULL, 78, 2),
(392, 'Keimeno 388', 'www.link388.edu', 'For any given initial seed, the same number sequence is generated because each successive call to the Rnd function uses the previous number as a seed for the next number in the sequence.', 19, NULL, 69, 6),
(393, 'Keimeno 389', 'www.link389.edu', 'For any given initial seed, the same number sequence is generated because each successive call to the Rnd function uses the previous number as a seed for the next number in the sequence.', 12, NULL, 81, 1),
(394, 'Keimeno 390', 'www.link390.edu', 'For any given initial seed, the same number sequence is generated because each successive call to the Rnd function uses the previous number as a seed for the next number in the sequence.', 16, NULL, 104, 1),
(395, 'Keimeno 391', 'www.link391.edu', 'For any given initial seed, the same number sequence is generated because each successive call to the Rnd function uses the previous number as a seed for the next number in the sequence.', 18, NULL, 75, 5),
(396, 'Keimeno 392', 'www.link392.edu', 'For any given initial seed, the same number sequence is generated because each successive call to the Rnd function uses the previous number as a seed for the next number in the sequence.', 13, NULL, 35, 2),
(397, 'Keimeno 393', 'www.link393.edu', 'For any given initial seed, the same number sequence is generated because each successive call to the Rnd function uses the previous number as a seed for the next number in the sequence.', 7, NULL, 54, 6),
(398, 'Keimeno 394', 'www.link394.edu', 'For any given initial seed, the same number sequence is generated because each successive call to the Rnd function uses the previous number as a seed for the next number in the sequence.', 4, NULL, 103, 2),
(399, 'Keimeno 395', 'www.link395.edu', 'For any given initial seed, the same number sequence is generated because each successive call to the Rnd function uses the previous number as a seed for the next number in the sequence.', 4, NULL, 96, 3),
(400, 'Keimeno 396', 'www.link396.edu', 'For any given initial seed, the same number sequence is generated because each successive call to the Rnd function uses the previous number as a seed for the next number in the sequence.', 15, NULL, 69, 1),
(401, 'Keimeno 397', 'www.link397.edu', 'For any given initial seed, the same number sequence is generated because each successive call to the Rnd function uses the previous number as a seed for the next number in the sequence.', 9, NULL, 44, 2),
(402, 'Keimeno 398', 'www.link398.edu', 'For any given initial seed, the same number sequence is generated because each successive call to the Rnd function uses the previous number as a seed for the next number in the sequence.', 0, NULL, 88, 4),
(403, 'Keimeno 399', 'www.link399.edu', 'For any given initial seed, the same number sequence is generated because each successive call to the Rnd function uses the previous number as a seed for the next number in the sequence.', 4, NULL, 30, 1),
(404, 'Keimeno 400', 'www.link400.edu', 'For any given initial seed, the same number sequence is generated because each successive call to the Rnd function uses the previous number as a seed for the next number in the sequence.', 1, NULL, 85, 3),
(405, 'Keimeno 401', 'www.link401.edu', 'For any given initial seed, the same number sequence is generated because each successive call to the Rnd function uses the previous number as a seed for the next number in the sequence.', 15, NULL, 39, 1),
(406, 'Keimeno 402', 'www.link402.edu', 'For any given initial seed, the same number sequence is generated because each successive call to the Rnd function uses the previous number as a seed for the next number in the sequence.', 4, NULL, 34, 5),
(407, 'Keimeno 403', 'www.link403.edu', 'For any given initial seed, the same number sequence is generated because each successive call to the Rnd function uses the previous number as a seed for the next number in the sequence.', 18, NULL, 78, 6),
(408, 'Keimeno 404', 'www.link404.edu', 'For any given initial seed, the same number sequence is generated because each successive call to the Rnd function uses the previous number as a seed for the next number in the sequence.', 13, NULL, 56, 4),
(409, 'Keimeno 405', 'www.link405.edu', 'For any given initial seed, the same number sequence is generated because each successive call to the Rnd function uses the previous number as a seed for the next number in the sequence.', 14, NULL, 73, 4),
(410, 'Keimeno 406', 'www.link406.edu', 'For any given initial seed, the same number sequence is generated because each successive call to the Rnd function uses the previous number as a seed for the next number in the sequence.', 17, NULL, 105, 2),
(411, 'Keimeno 407', 'www.link407.edu', 'For any given initial seed, the same number sequence is generated because each successive call to the Rnd function uses the previous number as a seed for the next number in the sequence.', 7, NULL, 30, 4);
INSERT INTO `recommend` (`id`, `title`, `link`, `perigrafi`, `views`, `readn`, `id_user`, `id_cat`) VALUES
(412, 'Keimeno 408', 'www.link408.edu', 'For any given initial seed, the same number sequence is generated because each successive call to the Rnd function uses the previous number as a seed for the next number in the sequence.', 9, NULL, 100, 3),
(413, 'Keimeno 409', 'www.link409.edu', 'For any given initial seed, the same number sequence is generated because each successive call to the Rnd function uses the previous number as a seed for the next number in the sequence.', 4, NULL, 42, 2),
(414, 'Keimeno 410', 'www.link410.edu', 'For any given initial seed, the same number sequence is generated because each successive call to the Rnd function uses the previous number as a seed for the next number in the sequence.', 18, NULL, 12, 6),
(415, 'Keimeno 411', 'www.link411.edu', 'For any given initial seed, the same number sequence is generated because each successive call to the Rnd function uses the previous number as a seed for the next number in the sequence.', 2, NULL, 107, 4),
(416, 'Keimeno 412', 'www.link412.edu', 'For any given initial seed, the same number sequence is generated because each successive call to the Rnd function uses the previous number as a seed for the next number in the sequence.', 0, NULL, 98, 3),
(417, 'Keimeno 413', 'www.link413.edu', 'For any given initial seed, the same number sequence is generated because each successive call to the Rnd function uses the previous number as a seed for the next number in the sequence.', 1, NULL, 108, 1),
(418, 'Keimeno 414', 'www.link414.edu', 'For any given initial seed, the same number sequence is generated because each successive call to the Rnd function uses the previous number as a seed for the next number in the sequence.', 0, NULL, 11, 1),
(419, 'Keimeno 415', 'www.link415.edu', 'For any given initial seed, the same number sequence is generated because each successive call to the Rnd function uses the previous number as a seed for the next number in the sequence.', 17, NULL, 30, 2),
(420, 'Keimeno 416', 'www.link416.edu', 'For any given initial seed, the same number sequence is generated because each successive call to the Rnd function uses the previous number as a seed for the next number in the sequence.', 19, NULL, 58, 6),
(421, 'Keimeno 417', 'www.link417.edu', 'For any given initial seed, the same number sequence is generated because each successive call to the Rnd function uses the previous number as a seed for the next number in the sequence.', 17, NULL, 77, 4),
(422, 'Keimeno 418', 'www.link418.edu', 'For any given initial seed, the same number sequence is generated because each successive call to the Rnd function uses the previous number as a seed for the next number in the sequence.', 20, NULL, 58, 2),
(423, 'Keimeno 419', 'www.link419.edu', 'For any given initial seed, the same number sequence is generated because each successive call to the Rnd function uses the previous number as a seed for the next number in the sequence.', 8, NULL, 73, 2),
(424, 'Keimeno 420', 'www.link420.edu', 'For any given initial seed, the same number sequence is generated because each successive call to the Rnd function uses the previous number as a seed for the next number in the sequence.', 15, NULL, 11, 4),
(425, 'Keimeno 421', 'www.link421.edu', 'For any given initial seed, the same number sequence is generated because each successive call to the Rnd function uses the previous number as a seed for the next number in the sequence.', 1, NULL, 25, 4),
(426, 'Keimeno 422', 'www.link422.edu', 'For any given initial seed, the same number sequence is generated because each successive call to the Rnd function uses the previous number as a seed for the next number in the sequence.', 16, NULL, 42, 3),
(427, 'Keimeno 423', 'www.link423.edu', 'For any given initial seed, the same number sequence is generated because each successive call to the Rnd function uses the previous number as a seed for the next number in the sequence.', 4, NULL, 108, 3),
(428, 'Keimeno 424', 'www.link424.edu', 'For any given initial seed, the same number sequence is generated because each successive call to the Rnd function uses the previous number as a seed for the next number in the sequence.', 17, NULL, 30, 6),
(429, 'Keimeno 425', 'www.link425.edu', 'For any given initial seed, the same number sequence is generated because each successive call to the Rnd function uses the previous number as a seed for the next number in the sequence.', 18, NULL, 43, 1),
(430, 'Keimeno 426', 'www.link426.edu', 'For any given initial seed, the same number sequence is generated because each successive call to the Rnd function uses the previous number as a seed for the next number in the sequence.', 3, NULL, 106, 4),
(431, 'Keimeno 427', 'www.link427.edu', 'For any given initial seed, the same number sequence is generated because each successive call to the Rnd function uses the previous number as a seed for the next number in the sequence.', 1, NULL, 34, 3),
(432, 'Keimeno 428', 'www.link428.edu', 'For any given initial seed, the same number sequence is generated because each successive call to the Rnd function uses the previous number as a seed for the next number in the sequence.', 10, NULL, 15, 4),
(433, 'Keimeno 429', 'www.link429.edu', 'For any given initial seed, the same number sequence is generated because each successive call to the Rnd function uses the previous number as a seed for the next number in the sequence.', 19, NULL, 83, 3),
(434, 'Keimeno 430', 'www.link430.edu', 'For any given initial seed, the same number sequence is generated because each successive call to the Rnd function uses the previous number as a seed for the next number in the sequence.', 7, NULL, 36, 6),
(435, 'Keimeno 431', 'www.link431.edu', 'For any given initial seed, the same number sequence is generated because each successive call to the Rnd function uses the previous number as a seed for the next number in the sequence.', 9, NULL, 16, 2),
(436, 'Keimeno 432', 'www.link432.edu', 'For any given initial seed, the same number sequence is generated because each successive call to the Rnd function uses the previous number as a seed for the next number in the sequence.', 0, NULL, 78, 5),
(437, 'Keimeno 433', 'www.link433.edu', 'For any given initial seed, the same number sequence is generated because each successive call to the Rnd function uses the previous number as a seed for the next number in the sequence.', 7, NULL, 89, 4),
(438, 'Keimeno 434', 'www.link434.edu', 'For any given initial seed, the same number sequence is generated because each successive call to the Rnd function uses the previous number as a seed for the next number in the sequence.', 13, NULL, 18, 6),
(439, 'Keimeno 435', 'www.link435.edu', 'For any given initial seed, the same number sequence is generated because each successive call to the Rnd function uses the previous number as a seed for the next number in the sequence.', 8, NULL, 69, 2),
(440, 'Keimeno 436', 'www.link436.edu', 'For any given initial seed, the same number sequence is generated because each successive call to the Rnd function uses the previous number as a seed for the next number in the sequence.', 8, NULL, 109, 1),
(441, 'Keimeno 437', 'www.link437.edu', 'For any given initial seed, the same number sequence is generated because each successive call to the Rnd function uses the previous number as a seed for the next number in the sequence.', 8, NULL, 72, 5),
(442, 'Keimeno 438', 'www.link438.edu', 'For any given initial seed, the same number sequence is generated because each successive call to the Rnd function uses the previous number as a seed for the next number in the sequence.', 9, NULL, 63, 6),
(443, 'Keimeno 439', 'www.link439.edu', 'For any given initial seed, the same number sequence is generated because each successive call to the Rnd function uses the previous number as a seed for the next number in the sequence.', 13, NULL, 68, 2),
(444, 'Keimeno 440', 'www.link440.edu', 'For any given initial seed, the same number sequence is generated because each successive call to the Rnd function uses the previous number as a seed for the next number in the sequence.', 15, NULL, 68, 3),
(445, 'Keimeno 441', 'www.link441.edu', 'For any given initial seed, the same number sequence is generated because each successive call to the Rnd function uses the previous number as a seed for the next number in the sequence.', 2, NULL, 71, 1),
(446, 'Keimeno 442', 'www.link442.edu', 'For any given initial seed, the same number sequence is generated because each successive call to the Rnd function uses the previous number as a seed for the next number in the sequence.', 18, NULL, 43, 5),
(447, 'Keimeno 443', 'www.link443.edu', 'For any given initial seed, the same number sequence is generated because each successive call to the Rnd function uses the previous number as a seed for the next number in the sequence.', 6, NULL, 72, 3),
(448, 'Keimeno 444', 'www.link444.edu', 'For any given initial seed, the same number sequence is generated because each successive call to the Rnd function uses the previous number as a seed for the next number in the sequence.', 12, NULL, 21, 6),
(449, 'Keimeno 445', 'www.link445.edu', 'For any given initial seed, the same number sequence is generated because each successive call to the Rnd function uses the previous number as a seed for the next number in the sequence.', 1, NULL, 45, 4),
(450, 'Keimeno 446', 'www.link446.edu', 'For any given initial seed, the same number sequence is generated because each successive call to the Rnd function uses the previous number as a seed for the next number in the sequence.', 9, NULL, 101, 4),
(451, 'Keimeno 447', 'www.link447.edu', 'For any given initial seed, the same number sequence is generated because each successive call to the Rnd function uses the previous number as a seed for the next number in the sequence.', 6, NULL, 105, 3),
(452, 'Keimeno 448', 'www.link448.edu', 'For any given initial seed, the same number sequence is generated because each successive call to the Rnd function uses the previous number as a seed for the next number in the sequence.', 7, NULL, 58, 6),
(453, 'Keimeno 449', 'www.link449.edu', 'For any given initial seed, the same number sequence is generated because each successive call to the Rnd function uses the previous number as a seed for the next number in the sequence.', 13, NULL, 78, 1),
(454, 'Keimeno 450', 'www.link450.edu', 'For any given initial seed, the same number sequence is generated because each successive call to the Rnd function uses the previous number as a seed for the next number in the sequence.', 4, NULL, 57, 5),
(455, 'Keimeno 451', 'www.link451.edu', 'For any given initial seed, the same number sequence is generated because each successive call to the Rnd function uses the previous number as a seed for the next number in the sequence.', 18, NULL, 38, 6),
(456, 'Keimeno 452', 'www.link452.edu', 'For any given initial seed, the same number sequence is generated because each successive call to the Rnd function uses the previous number as a seed for the next number in the sequence.', 4, NULL, 108, 4),
(457, 'Keimeno 453', 'www.link453.edu', 'For any given initial seed, the same number sequence is generated because each successive call to the Rnd function uses the previous number as a seed for the next number in the sequence.', 2, NULL, 104, 6),
(458, 'Keimeno 454', 'www.link454.edu', 'For any given initial seed, the same number sequence is generated because each successive call to the Rnd function uses the previous number as a seed for the next number in the sequence.', 17, NULL, 75, 2),
(459, 'Keimeno 455', 'www.link455.edu', 'For any given initial seed, the same number sequence is generated because each successive call to the Rnd function uses the previous number as a seed for the next number in the sequence.', 19, NULL, 45, 6),
(460, 'Keimeno 456', 'www.link456.edu', 'For any given initial seed, the same number sequence is generated because each successive call to the Rnd function uses the previous number as a seed for the next number in the sequence.', 6, NULL, 69, 2),
(461, 'Keimeno 457', 'www.link457.edu', 'For any given initial seed, the same number sequence is generated because each successive call to the Rnd function uses the previous number as a seed for the next number in the sequence.', 20, NULL, 91, 3),
(462, 'Keimeno 458', 'www.link458.edu', 'For any given initial seed, the same number sequence is generated because each successive call to the Rnd function uses the previous number as a seed for the next number in the sequence.', 19, NULL, 28, 1),
(463, 'Keimeno 459', 'www.link459.edu', 'For any given initial seed, the same number sequence is generated because each successive call to the Rnd function uses the previous number as a seed for the next number in the sequence.', 3, NULL, 61, 5),
(464, 'Keimeno 460', 'www.link460.edu', 'For any given initial seed, the same number sequence is generated because each successive call to the Rnd function uses the previous number as a seed for the next number in the sequence.', 1, NULL, 45, 2),
(465, 'Keimeno 461', 'www.link461.edu', 'For any given initial seed, the same number sequence is generated because each successive call to the Rnd function uses the previous number as a seed for the next number in the sequence.', 19, NULL, 76, 2),
(466, 'Keimeno 462', 'www.link462.edu', 'For any given initial seed, the same number sequence is generated because each successive call to the Rnd function uses the previous number as a seed for the next number in the sequence.', 1, NULL, 24, 3),
(467, 'Keimeno 463', 'www.link463.edu', 'For any given initial seed, the same number sequence is generated because each successive call to the Rnd function uses the previous number as a seed for the next number in the sequence.', 16, NULL, 40, 5),
(468, 'Keimeno 464', 'www.link464.edu', 'For any given initial seed, the same number sequence is generated because each successive call to the Rnd function uses the previous number as a seed for the next number in the sequence.', 12, NULL, 67, 6),
(469, 'Keimeno 465', 'www.link465.edu', 'For any given initial seed, the same number sequence is generated because each successive call to the Rnd function uses the previous number as a seed for the next number in the sequence.', 5, NULL, 71, 6),
(470, 'Keimeno 466', 'www.link466.edu', 'For any given initial seed, the same number sequence is generated because each successive call to the Rnd function uses the previous number as a seed for the next number in the sequence.', 13, NULL, 69, 2),
(471, 'Keimeno 467', 'www.link467.edu', 'For any given initial seed, the same number sequence is generated because each successive call to the Rnd function uses the previous number as a seed for the next number in the sequence.', 11, NULL, 81, 1),
(472, 'Keimeno 468', 'www.link468.edu', 'For any given initial seed, the same number sequence is generated because each successive call to the Rnd function uses the previous number as a seed for the next number in the sequence.', 4, NULL, 43, 6),
(473, 'Keimeno 469', 'www.link469.edu', 'For any given initial seed, the same number sequence is generated because each successive call to the Rnd function uses the previous number as a seed for the next number in the sequence.', 4, NULL, 96, 5),
(474, 'Keimeno 470', 'www.link470.edu', 'For any given initial seed, the same number sequence is generated because each successive call to the Rnd function uses the previous number as a seed for the next number in the sequence.', 10, NULL, 94, 2),
(475, 'Keimeno 471', 'www.link471.edu', 'For any given initial seed, the same number sequence is generated because each successive call to the Rnd function uses the previous number as a seed for the next number in the sequence.', 16, NULL, 60, 1),
(476, 'Keimeno 472', 'www.link472.edu', 'For any given initial seed, the same number sequence is generated because each successive call to the Rnd function uses the previous number as a seed for the next number in the sequence.', 18, NULL, 56, 4),
(477, 'Keimeno 473', 'www.link473.edu', 'For any given initial seed, the same number sequence is generated because each successive call to the Rnd function uses the previous number as a seed for the next number in the sequence.', 17, NULL, 76, 5),
(478, 'Keimeno 474', 'www.link474.edu', 'For any given initial seed, the same number sequence is generated because each successive call to the Rnd function uses the previous number as a seed for the next number in the sequence.', 17, NULL, 14, 2),
(479, 'Keimeno 475', 'www.link475.edu', 'For any given initial seed, the same number sequence is generated because each successive call to the Rnd function uses the previous number as a seed for the next number in the sequence.', 2, NULL, 26, 2),
(480, 'Keimeno 476', 'www.link476.edu', 'For any given initial seed, the same number sequence is generated because each successive call to the Rnd function uses the previous number as a seed for the next number in the sequence.', 19, NULL, 32, 2),
(481, 'Keimeno 477', 'www.link477.edu', 'For any given initial seed, the same number sequence is generated because each successive call to the Rnd function uses the previous number as a seed for the next number in the sequence.', 16, NULL, 16, 4),
(482, 'Keimeno 478', 'www.link478.edu', 'For any given initial seed, the same number sequence is generated because each successive call to the Rnd function uses the previous number as a seed for the next number in the sequence.', 3, NULL, 91, 6),
(483, 'Keimeno 479', 'www.link479.edu', 'For any given initial seed, the same number sequence is generated because each successive call to the Rnd function uses the previous number as a seed for the next number in the sequence.', 0, NULL, 55, 5),
(484, 'Keimeno 480', 'www.link480.edu', 'For any given initial seed, the same number sequence is generated because each successive call to the Rnd function uses the previous number as a seed for the next number in the sequence.', 7, NULL, 70, 5),
(485, 'Keimeno 481', 'www.link481.edu', 'For any given initial seed, the same number sequence is generated because each successive call to the Rnd function uses the previous number as a seed for the next number in the sequence.', 10, NULL, 31, 4),
(486, 'Keimeno 482', 'www.link482.edu', 'For any given initial seed, the same number sequence is generated because each successive call to the Rnd function uses the previous number as a seed for the next number in the sequence.', 11, NULL, 107, 5),
(487, 'Keimeno 483', 'www.link483.edu', 'For any given initial seed, the same number sequence is generated because each successive call to the Rnd function uses the previous number as a seed for the next number in the sequence.', 17, NULL, 89, 6),
(488, 'Keimeno 484', 'www.link484.edu', 'For any given initial seed, the same number sequence is generated because each successive call to the Rnd function uses the previous number as a seed for the next number in the sequence.', 15, NULL, 66, 5),
(489, 'Keimeno 485', 'www.link485.edu', 'For any given initial seed, the same number sequence is generated because each successive call to the Rnd function uses the previous number as a seed for the next number in the sequence.', 17, NULL, 93, 5),
(490, 'Keimeno 486', 'www.link486.edu', 'For any given initial seed, the same number sequence is generated because each successive call to the Rnd function uses the previous number as a seed for the next number in the sequence.', 0, NULL, 33, 6),
(491, 'Keimeno 487', 'www.link487.edu', 'For any given initial seed, the same number sequence is generated because each successive call to the Rnd function uses the previous number as a seed for the next number in the sequence.', 12, NULL, 61, 6),
(492, 'Keimeno 488', 'www.link488.edu', 'For any given initial seed, the same number sequence is generated because each successive call to the Rnd function uses the previous number as a seed for the next number in the sequence.', 18, NULL, 28, 4),
(493, 'Keimeno 489', 'www.link489.edu', 'For any given initial seed, the same number sequence is generated because each successive call to the Rnd function uses the previous number as a seed for the next number in the sequence.', 6, NULL, 96, 4),
(494, 'Keimeno 490', 'www.link490.edu', 'For any given initial seed, the same number sequence is generated because each successive call to the Rnd function uses the previous number as a seed for the next number in the sequence.', 16, NULL, 32, 6),
(495, 'Keimeno 491', 'www.link491.edu', 'For any given initial seed, the same number sequence is generated because each successive call to the Rnd function uses the previous number as a seed for the next number in the sequence.', 14, NULL, 33, 4),
(496, 'Keimeno 492', 'www.link492.edu', 'For any given initial seed, the same number sequence is generated because each successive call to the Rnd function uses the previous number as a seed for the next number in the sequence.', 20, NULL, 24, 3),
(497, 'Keimeno 493', 'www.link493.edu', 'For any given initial seed, the same number sequence is generated because each successive call to the Rnd function uses the previous number as a seed for the next number in the sequence.', 16, NULL, 33, 1),
(498, 'Keimeno 494', 'www.link494.edu', 'For any given initial seed, the same number sequence is generated because each successive call to the Rnd function uses the previous number as a seed for the next number in the sequence.', 14, NULL, 65, 6),
(499, 'Keimeno 495', 'www.link495.edu', 'For any given initial seed, the same number sequence is generated because each successive call to the Rnd function uses the previous number as a seed for the next number in the sequence.', 11, NULL, 23, 1),
(500, 'Keimeno 496', 'www.link496.edu', 'For any given initial seed, the same number sequence is generated because each successive call to the Rnd function uses the previous number as a seed for the next number in the sequence.', 13, NULL, 103, 2),
(501, 'Keimeno 497', 'www.link497.edu', 'For any given initial seed, the same number sequence is generated because each successive call to the Rnd function uses the previous number as a seed for the next number in the sequence.', 13, NULL, 88, 4),
(502, 'Keimeno 498', 'www.link498.edu', 'For any given initial seed, the same number sequence is generated because each successive call to the Rnd function uses the previous number as a seed for the next number in the sequence.', 0, NULL, 48, 6),
(503, 'Keimeno 499', 'www.link499.edu', 'For any given initial seed, the same number sequence is generated because each successive call to the Rnd function uses the previous number as a seed for the next number in the sequence.', 6, NULL, 90, 4),
(504, 'Keimeno 500', 'www.link500.edu', 'For any given initial seed, the same number sequence is generated because each successive call to the Rnd function uses the previous number as a seed for the next number in the sequence.', 8, NULL, 30, 1),
(505, 'Keimeno 501', 'www.link501.edu', 'For any given initial seed, the same number sequence is generated because each successive call to the Rnd function uses the previous number as a seed for the next number in the sequence.', 7, NULL, 34, 5),
(506, 'Keimeno 502', 'www.link502.edu', 'For any given initial seed, the same number sequence is generated because each successive call to the Rnd function uses the previous number as a seed for the next number in the sequence.', 6, NULL, 47, 6),
(507, 'Keimeno 503', 'www.link503.edu', 'For any given initial seed, the same number sequence is generated because each successive call to the Rnd function uses the previous number as a seed for the next number in the sequence.', 15, NULL, 46, 6),
(508, 'Keimeno 504', 'www.link504.edu', 'For any given initial seed, the same number sequence is generated because each successive call to the Rnd function uses the previous number as a seed for the next number in the sequence.', 13, NULL, 98, 6),
(509, 'Keimeno 505', 'www.link505.edu', 'For any given initial seed, the same number sequence is generated because each successive call to the Rnd function uses the previous number as a seed for the next number in the sequence.', 6, NULL, 105, 4),
(510, 'Keimeno 506', 'www.link506.edu', 'For any given initial seed, the same number sequence is generated because each successive call to the Rnd function uses the previous number as a seed for the next number in the sequence.', 3, NULL, 48, 3),
(511, 'Keimeno 507', 'www.link507.edu', 'For any given initial seed, the same number sequence is generated because each successive call to the Rnd function uses the previous number as a seed for the next number in the sequence.', 19, NULL, 95, 4),
(512, 'Keimeno 508', 'www.link508.edu', 'For any given initial seed, the same number sequence is generated because each successive call to the Rnd function uses the previous number as a seed for the next number in the sequence.', 11, NULL, 32, 6),
(513, 'Keimeno 509', 'www.link509.edu', 'For any given initial seed, the same number sequence is generated because each successive call to the Rnd function uses the previous number as a seed for the next number in the sequence.', 5, NULL, 68, 5),
(514, 'Keimeno 510', 'www.link510.edu', 'For any given initial seed, the same number sequence is generated because each successive call to the Rnd function uses the previous number as a seed for the next number in the sequence.', 9, NULL, 93, 4),
(515, 'Keimeno 511', 'www.link511.edu', 'For any given initial seed, the same number sequence is generated because each successive call to the Rnd function uses the previous number as a seed for the next number in the sequence.', 5, NULL, 56, 5),
(516, 'Keimeno 512', 'www.link512.edu', 'For any given initial seed, the same number sequence is generated because each successive call to the Rnd function uses the previous number as a seed for the next number in the sequence.', 8, NULL, 16, 2),
(517, 'Keimeno 513', 'www.link513.edu', 'For any given initial seed, the same number sequence is generated because each successive call to the Rnd function uses the previous number as a seed for the next number in the sequence.', 5, NULL, 46, 1),
(518, 'Keimeno 514', 'www.link514.edu', 'For any given initial seed, the same number sequence is generated because each successive call to the Rnd function uses the previous number as a seed for the next number in the sequence.', 5, NULL, 103, 6),
(519, 'Keimeno 515', 'www.link515.edu', 'For any given initial seed, the same number sequence is generated because each successive call to the Rnd function uses the previous number as a seed for the next number in the sequence.', 14, NULL, 108, 5),
(520, 'Keimeno 516', 'www.link516.edu', 'For any given initial seed, the same number sequence is generated because each successive call to the Rnd function uses the previous number as a seed for the next number in the sequence.', 6, NULL, 77, 5),
(521, 'Keimeno 517', 'www.link517.edu', 'For any given initial seed, the same number sequence is generated because each successive call to the Rnd function uses the previous number as a seed for the next number in the sequence.', 14, NULL, 72, 3),
(522, 'Keimeno 518', 'www.link518.edu', 'For any given initial seed, the same number sequence is generated because each successive call to the Rnd function uses the previous number as a seed for the next number in the sequence.', 13, NULL, 13, 5),
(523, 'Keimeno 519', 'www.link519.edu', 'For any given initial seed, the same number sequence is generated because each successive call to the Rnd function uses the previous number as a seed for the next number in the sequence.', 18, NULL, 65, 1),
(524, 'Keimeno 520', 'www.link520.edu', 'For any given initial seed, the same number sequence is generated because each successive call to the Rnd function uses the previous number as a seed for the next number in the sequence.', 19, NULL, 58, 2),
(525, 'Keimeno 521', 'www.link521.edu', 'For any given initial seed, the same number sequence is generated because each successive call to the Rnd function uses the previous number as a seed for the next number in the sequence.', 18, NULL, 19, 5),
(526, 'Keimeno 522', 'www.link522.edu', 'For any given initial seed, the same number sequence is generated because each successive call to the Rnd function uses the previous number as a seed for the next number in the sequence.', 13, NULL, 49, 3),
(527, 'Keimeno 523', 'www.link523.edu', 'For any given initial seed, the same number sequence is generated because each successive call to the Rnd function uses the previous number as a seed for the next number in the sequence.', 0, NULL, 28, 1),
(528, 'Keimeno 524', 'www.link524.edu', 'For any given initial seed, the same number sequence is generated because each successive call to the Rnd function uses the previous number as a seed for the next number in the sequence.', 4, NULL, 66, 5),
(529, 'Keimeno 525', 'www.link525.edu', 'For any given initial seed, the same number sequence is generated because each successive call to the Rnd function uses the previous number as a seed for the next number in the sequence.', 20, NULL, 43, 6),
(530, 'Keimeno 526', 'www.link526.edu', 'For any given initial seed, the same number sequence is generated because each successive call to the Rnd function uses the previous number as a seed for the next number in the sequence.', 20, NULL, 80, 5),
(531, 'Keimeno 527', 'www.link527.edu', 'For any given initial seed, the same number sequence is generated because each successive call to the Rnd function uses the previous number as a seed for the next number in the sequence.', 6, NULL, 12, 2),
(532, 'Keimeno 528', 'www.link528.edu', 'For any given initial seed, the same number sequence is generated because each successive call to the Rnd function uses the previous number as a seed for the next number in the sequence.', 10, NULL, 46, 4),
(533, 'Keimeno 529', 'www.link529.edu', 'For any given initial seed, the same number sequence is generated because each successive call to the Rnd function uses the previous number as a seed for the next number in the sequence.', 16, NULL, 23, 2),
(534, 'Keimeno 530', 'www.link530.edu', 'For any given initial seed, the same number sequence is generated because each successive call to the Rnd function uses the previous number as a seed for the next number in the sequence.', 15, NULL, 73, 5),
(535, 'Keimeno 531', 'www.link531.edu', 'For any given initial seed, the same number sequence is generated because each successive call to the Rnd function uses the previous number as a seed for the next number in the sequence.', 15, NULL, 92, 5),
(536, 'Keimeno 532', 'www.link532.edu', 'For any given initial seed, the same number sequence is generated because each successive call to the Rnd function uses the previous number as a seed for the next number in the sequence.', 7, NULL, 95, 2),
(537, 'Keimeno 533', 'www.link533.edu', 'For any given initial seed, the same number sequence is generated because each successive call to the Rnd function uses the previous number as a seed for the next number in the sequence.', 20, NULL, 52, 2),
(538, 'Keimeno 534', 'www.link534.edu', 'For any given initial seed, the same number sequence is generated because each successive call to the Rnd function uses the previous number as a seed for the next number in the sequence.', 19, NULL, 60, 4),
(539, 'Keimeno 535', 'www.link535.edu', 'For any given initial seed, the same number sequence is generated because each successive call to the Rnd function uses the previous number as a seed for the next number in the sequence.', 0, NULL, 96, 4),
(540, 'Keimeno 536', 'www.link536.edu', 'For any given initial seed, the same number sequence is generated because each successive call to the Rnd function uses the previous number as a seed for the next number in the sequence.', 13, NULL, 74, 2),
(541, 'Keimeno 537', 'www.link537.edu', 'For any given initial seed, the same number sequence is generated because each successive call to the Rnd function uses the previous number as a seed for the next number in the sequence.', 16, NULL, 17, 4),
(542, 'Keimeno 538', 'www.link538.edu', 'For any given initial seed, the same number sequence is generated because each successive call to the Rnd function uses the previous number as a seed for the next number in the sequence.', 14, NULL, 73, 2),
(543, 'Keimeno 539', 'www.link539.edu', 'For any given initial seed, the same number sequence is generated because each successive call to the Rnd function uses the previous number as a seed for the next number in the sequence.', 10, NULL, 106, 3),
(544, 'Keimeno 540', 'www.link540.edu', 'For any given initial seed, the same number sequence is generated because each successive call to the Rnd function uses the previous number as a seed for the next number in the sequence.', 7, NULL, 81, 6),
(545, 'Keimeno 541', 'www.link541.edu', 'For any given initial seed, the same number sequence is generated because each successive call to the Rnd function uses the previous number as a seed for the next number in the sequence.', 3, NULL, 12, 2),
(546, 'test6060', 'http://www.test6060.gr', 'test6060 this is a test', 0, 0, 8, 1);

-- --------------------------------------------------------

--
-- Table structure for table `rec_fav`
--

DROP TABLE IF EXISTS `rec_fav`;
CREATE TABLE IF NOT EXISTS `rec_fav` (
  `id` int(11) NOT NULL AUTO_INCREMENT,
  `id_user` int(11) NOT NULL,
  `id_rec` int(11) NOT NULL,
  PRIMARY KEY (`id`),
  KEY `id_rec` (`id_rec`),
  KEY `id_user` (`id_user`)
) ENGINE=InnoDB DEFAULT CHARSET=latin1;

-- --------------------------------------------------------

--
-- Table structure for table `users`
--

DROP TABLE IF EXISTS `users`;
CREATE TABLE IF NOT EXISTS `users` (
  `id` int(11) NOT NULL AUTO_INCREMENT,
  `fullname` varchar(500) DEFAULT NULL,
  `username` varchar(30) DEFAULT NULL,
  `password` varchar(200) DEFAULT NULL,
  `sex` enum('male','female') DEFAULT NULL,
  `type` enum('student','teacher','admin') DEFAULT NULL,
  `speciality` varchar(200) DEFAULT NULL,
  `yearbirth` int(11) NOT NULL,
  PRIMARY KEY (`id`),
  UNIQUE KEY `username` (`username`)
) ENGINE=InnoDB AUTO_INCREMENT=110 DEFAULT CHARSET=latin1;

--
-- Dumping data for table `users`
--

INSERT INTO `users` (`id`, `fullname`, `username`, `password`, `sex`, `type`, `speciality`, `yearbirth`) VALUES
(8, 'Evi Gatou', 'evi', '1234', 'female', 'admin', 'Science', 2000),
(10, 'User of user500', 'user500', '1234', 'male', 'student', 'IT', 1979),
(11, 'User of user501', 'user501', '1234', 'male', 'teacher', 'IT', 1986),
(12, 'User of user502', 'user502', '1234', 'male', 'teacher', 'Art', 1994),
(13, 'User of user503', 'user503', '1234', 'female', 'teacher', 'Art', 1972),
(14, 'User of user504', 'user504', '1234', 'female', 'student', 'IT', 1979),
(15, 'User of user505', 'user505', '1234', 'female', 'student', 'Theoretical', 1993),
(16, 'User of user506', 'user506', '1234', 'male', 'student', 'Economics', 1987),
(17, 'User of user507', 'user507', '1234', 'male', 'student', 'Theoretical', 1984),
(18, 'User of user508', 'user508', '1234', 'female', 'student', 'Science', 1998),
(19, 'User of user509', 'user509', '1234', 'female', 'student', 'Art', 1999),
(20, 'User of user510', 'user510', '1234', 'male', 'student', 'Science', 1976),
(21, 'User of user511', 'user511', '1234', 'female', 'student', 'Theoretical', 1993),
(22, 'User of user512', 'user512', '1234', 'female', 'student', 'Economics', 1991),
(23, 'User of user513', 'user513', '1234', 'female', 'student', 'IT', 1983),
(24, 'User of user514', 'user514', '1234', 'male', 'teacher', 'IT', 1992),
(25, 'User of user515', 'user515', '1234', 'female', 'student', 'Art', 2000),
(26, 'User of user516', 'user516', '1234', 'male', 'student', 'Science', 1981),
(27, 'User of user517', 'user517', '1234', 'male', 'student', 'Theoretical', 1993),
(28, 'User of user518', 'user518', '1234', 'female', 'student', 'Art', 1979),
(29, 'User of user519', 'user519', '1234', 'male', 'teacher', 'Economics', 1982),
(30, 'User of user520', 'user520', '1234', 'male', 'teacher', 'Theoretical', 1978),
(31, 'User of user521', 'user521', '1234', 'male', 'teacher', 'Art', 1972),
(32, 'User of user522', 'user522', '1234', 'male', 'student', 'Science', 1989),
(33, 'User of user523', 'user523', '1234', 'male', 'student', 'Science', 1989),
(34, 'User of user524', 'user524', '1234', 'female', 'student', 'Theoretical', 1994),
(35, 'User of user525', 'user525', '1234', 'male', 'teacher', 'Theoretical', 1990),
(36, 'User of user526', 'user526', '1234', 'male', 'student', 'Art', 1984),
(37, 'User of user527', 'user527', '1234', 'female', 'student', 'IT', 1976),
(38, 'User of user528', 'user528', '1234', 'male', 'student', 'Theoretical', 1991),
(39, 'User of user529', 'user529', '1234', 'female', 'student', 'Art', 1978),
(40, 'User of user530', 'user530', '1234', 'female', 'student', 'Science', 1979),
(41, 'User of user531', 'user531', '1234', 'male', 'teacher', 'Art', 1994),
(42, 'User of user532', 'user532', '1234', 'male', 'student', 'Art', 1990),
(43, 'User of user533', 'user533', '1234', 'male', 'teacher', 'Economics', 1988),
(44, 'User of user534', 'user534', '1234', 'male', 'student', 'IT', 1998),
(45, 'User of user535', 'user535', '1234', 'male', 'student', 'Theoretical', 1987),
(46, 'User of user536', 'user536', '1234', 'female', 'teacher', 'Science', 1971),
(47, 'User of user537', 'user537', '1234', 'male', 'student', 'IT', 1998),
(48, 'User of user538', 'user538', '1234', 'female', 'student', 'Economics', 2000),
(49, 'User of user539', 'user539', '1234', 'female', 'teacher', 'Theoretical', 1982),
(50, 'User of user540', 'user540', '1234', 'female', 'teacher', 'Economics', 1982),
(51, 'User of user541', 'user541', '1234', 'male', 'student', 'IT', 1996),
(52, 'User of user542', 'user542', '1234', 'male', 'teacher', 'Theoretical', 1976),
(53, 'User of user543', 'user543', '1234', 'male', 'teacher', 'IT', 1986),
(54, 'User of user544', 'user544', '1234', 'male', 'student', 'Art', 1981),
(55, 'User of user545', 'user545', '1234', 'male', 'student', 'Art', 1988),
(56, 'User of user546', 'user546', '1234', 'male', 'student', 'Theoretical', 1975),
(57, 'User of user547', 'user547', '1234', 'male', 'student', 'Art', 1973),
(58, 'User of user548', 'user548', '1234', 'female', 'student', 'Theoretical', 1992),
(59, 'User of user549', 'user549', '1234', 'female', 'teacher', 'Science', 1976),
(60, 'User of user550', 'user550', '1234', 'male', 'teacher', 'IT', 1978),
(61, 'User of user551', 'user551', '1234', 'female', 'student', 'Art', 1974),
(62, 'User of user552', 'user552', '1234', 'female', 'student', 'Theoretical', 1993),
(63, 'User of user553', 'user553', '1234', 'female', 'teacher', 'Art', 1973),
(64, 'User of user554', 'user554', '1234', 'female', 'teacher', 'Science', 1991),
(65, 'User of user555', 'user555', '1234', 'male', 'student', 'Science', 1982),
(66, 'User of user556', 'user556', '1234', 'female', 'student', 'Science', 1989),
(67, 'User of user557', 'user557', '1234', 'male', 'student', 'IT', 1979),
(68, 'User of user558', 'user558', '1234', 'female', 'teacher', 'Theoretical', 1998),
(69, 'User of user559', 'user559', '1234', 'female', 'student', 'Economics', 2000),
(70, 'User of user560', 'user560', '1234', 'female', 'student', 'Art', 1973),
(71, 'User of user561', 'user561', '1234', 'female', 'student', 'Art', 1999),
(72, 'User of user562', 'user562', '1234', 'male', 'teacher', 'IT', 1971),
(73, 'User of user563', 'user563', '1234', 'male', 'student', 'Art', 1976),
(74, 'User of user564', 'user564', '1234', 'female', 'student', 'Art', 1987),
(75, 'User of user565', 'user565', '1234', 'female', 'teacher', 'Economics', 2000),
(76, 'User of user566', 'user566', '1234', 'male', 'student', 'Theoretical', 1980),
(77, 'User of user567', 'user567', '1234', 'female', 'student', 'IT', 1996),
(78, 'User of user568', 'user568', '1234', 'female', 'student', 'Science', 1987),
(79, 'User of user569', 'user569', '1234', 'female', 'student', 'Economics', 1986),
(80, 'User of user570', 'user570', '1234', 'male', 'student', 'IT', 1995),
(81, 'User of user571', 'user571', '1234', 'female', 'student', 'Theoretical', 1978),
(82, 'User of user572', 'user572', '1234', 'male', 'student', 'Theoretical', 1971),
(83, 'User of user573', 'user573', '1234', 'female', 'student', 'Art', 1985),
(84, 'User of user574', 'user574', '1234', 'male', 'student', 'Economics', 1986),
(85, 'User of user575', 'user575', '1234', 'male', 'student', 'Art', 1981),
(86, 'User of user576', 'user576', '1234', 'male', 'student', 'Economics', 1979),
(87, 'User of user577', 'user577', '1234', 'male', 'student', 'Art', 1997),
(88, 'User of user578', 'user578', '1234', 'male', 'student', 'IT', 1972),
(89, 'User of user579', 'user579', '1234', 'male', 'student', 'Economics', 1987),
(90, 'User of user580', 'user580', '1234', 'male', 'student', 'Art', 1979),
(91, 'User of user581', 'user581', '1234', 'male', 'student', 'IT', 1990),
(92, 'User of user582', 'user582', '1234', 'male', 'student', 'Science', 1995),
(93, 'User of user583', 'user583', '1234', 'male', 'student', 'Science', 1998),
(94, 'User of user584', 'user584', '1234', 'male', 'teacher', 'Economics', 1991),
(95, 'User of user585', 'user585', '1234', 'female', 'teacher', 'Theoretical', 1983),
(96, 'User of user586', 'user586', '1234', 'male', 'teacher', 'Economics', 1985),
(97, 'User of user587', 'user587', '1234', 'male', 'teacher', 'Art', 1972),
(98, 'User of user588', 'user588', '1234', 'female', 'student', 'Theoretical', 1984),
(99, 'User of user589', 'user589', '1234', 'male', 'student', 'IT', 1974),
(100, 'User of user590', 'user590', '1234', 'male', 'teacher', 'Economics', 1980),
(101, 'User of user591', 'user591', '1234', 'male', 'student', 'Science', 1991),
(102, 'User of user592', 'user592', '1234', 'male', 'student', 'Theoretical', 1986),
(103, 'User of user593', 'user593', '1234', 'female', 'student', 'Science', 1990),
(104, 'User of user594', 'user594', '1234', 'male', 'student', 'Science', 1991),
(105, 'User of user595', 'user595', '1234', 'female', 'student', 'Science', 1982),
(106, 'User of user596', 'user596', '1234', 'male', 'student', 'Science', 1983),
(107, 'User of user597', 'user597', '1234', 'female', 'student', 'IT', 1990),
(108, 'User of user598', 'user598', '1234', 'male', 'student', 'Science', 1977),
(109, 'User of user599', 'user599', '1234', 'female', 'student', 'Art', 1978);

-- --------------------------------------------------------

--
-- Table structure for table `usr_rec`
--

DROP TABLE IF EXISTS `usr_rec`;
CREATE TABLE IF NOT EXISTS `usr_rec` (
  `id` int(11) NOT NULL AUTO_INCREMENT,
  `id_user` int(11) DEFAULT NULL,
  `id_rec` int(11) DEFAULT NULL,
  `degree` int(11) DEFAULT NULL,
  PRIMARY KEY (`id`),
  KEY `id_user` (`id_user`),
  KEY `id_rec` (`id_rec`)
) ENGINE=InnoDB AUTO_INCREMENT=1036 DEFAULT CHARSET=latin1;

--
-- Dumping data for table `usr_rec`
--

INSERT INTO `usr_rec` (`id`, `id_user`, `id_rec`, `degree`) VALUES
(529, 81, 91, 5),
(530, 53, 287, 2),
(531, 76, 279, 1),
(532, 76, 7, 2),
(533, 12, 10, 1),
(534, 82, 524, 4),
(535, 49, 534, 3),
(536, 89, 143, 1),
(537, 82, 509, 1),
(538, 38, 327, 4),
(539, 56, 372, 2),
(540, 65, 290, 5),
(541, 43, 310, 3),
(542, 20, 339, 3),
(543, 16, 530, 4),
(544, 94, 387, 5),
(545, 52, 407, 5),
(546, 88, 292, 1),
(547, 91, 245, 1),
(548, 22, 195, 5),
(549, 78, 152, 5),
(550, 21, 144, 1),
(551, 81, 45, 4),
(552, 30, 44, 5),
(553, 55, 531, 5),
(554, 43, 479, 1),
(555, 100, 468, 1),
(556, 25, 493, 5),
(557, 51, 417, 5),
(558, 16, 235, 3),
(559, 48, 437, 1),
(560, 58, 424, 4),
(561, 81, 166, 2),
(562, 41, 374, 2),
(563, 58, 164, 4),
(564, 44, 439, 5),
(565, 20, 317, 3),
(566, 92, 67, 3),
(567, 39, 523, 1),
(568, 14, 244, 1),
(569, 62, 519, 4),
(570, 60, 341, 2),
(571, 95, 473, 3),
(572, 35, 307, 1),
(573, 79, 15, 5),
(574, 42, 270, 5),
(575, 29, 257, 4),
(576, 75, 180, 3),
(577, 44, 203, 4),
(578, 29, 461, 5),
(579, 23, 532, 4),
(580, 94, 316, 3),
(581, 31, 86, 4),
(582, 48, 234, 2),
(583, 59, 119, 1),
(584, 91, 218, 1),
(585, 22, 91, 3),
(586, 14, 86, 2),
(587, 25, 86, 1),
(588, 42, 445, 5),
(589, 79, 331, 1),
(590, 12, 489, 2),
(591, 99, 470, 2),
(592, 47, 353, 1),
(593, 87, 496, 4),
(594, 60, 209, 3),
(595, 28, 469, 1),
(596, 89, 22, 3),
(597, 96, 515, 3),
(598, 28, 235, 1),
(599, 73, 125, 3),
(600, 63, 512, 4),
(601, 84, 389, 5),
(602, 64, 147, 3),
(603, 31, 10, 3),
(604, 76, 237, 4),
(605, 55, 394, 5),
(606, 49, 273, 3),
(607, 96, 31, 4),
(608, 37, 353, 3),
(609, 13, 306, 2),
(610, 50, 263, 4),
(611, 78, 50, 5),
(612, 28, 71, 1),
(613, 61, 359, 5),
(614, 20, 281, 1),
(615, 64, 496, 5),
(616, 24, 347, 2),
(617, 40, 456, 2),
(618, 46, 114, 4),
(619, 71, 450, 2),
(620, 81, 417, 5),
(621, 19, 483, 4),
(622, 26, 345, 2),
(623, 36, 438, 3),
(624, 41, 259, 5),
(625, 25, 17, 3),
(626, 67, 437, 4),
(627, 73, 213, 3),
(628, 83, 467, 5),
(629, 10, 54, 2),
(630, 95, 358, 5),
(631, 24, 77, 4),
(632, 80, 202, 2),
(633, 13, 510, 4),
(634, 79, 398, 3),
(635, 98, 36, 1),
(636, 54, 534, 4),
(637, 59, 515, 1),
(638, 17, 278, 5),
(639, 60, 476, 4),
(640, 72, 239, 5),
(641, 93, 278, 4),
(642, 37, 471, 3),
(643, 87, 464, 1),
(644, 75, 447, 4),
(645, 24, 320, 5),
(646, 68, 427, 4),
(647, 48, 91, 4),
(648, 51, 58, 1),
(649, 82, 159, 1),
(650, 22, 514, 2),
(651, 30, 528, 4),
(652, 93, 255, 1),
(653, 60, 39, 4),
(654, 84, 522, 5),
(655, 61, 70, 1),
(656, 68, 65, 1),
(657, 43, 534, 4),
(658, 59, 416, 4),
(659, 81, 365, 1),
(660, 18, 278, 1),
(661, 62, 263, 2),
(662, 78, 394, 4),
(663, 69, 137, 4),
(664, 84, 483, 4),
(665, 75, 277, 5),
(666, 36, 231, 5),
(667, 97, 515, 2),
(668, 46, 447, 2),
(669, 61, 510, 4),
(670, 24, 14, 4),
(671, 47, 328, 2),
(672, 46, 68, 1),
(673, 25, 509, 3),
(674, 70, 360, 3),
(675, 41, 304, 3),
(676, 80, 41, 3),
(677, 73, 415, 2),
(678, 45, 231, 4),
(679, 27, 24, 2),
(680, 47, 146, 3),
(681, 97, 493, 3),
(682, 91, 536, 3),
(683, 11, 236, 4),
(684, 27, 367, 2),
(685, 35, 302, 2),
(686, 93, 246, 1),
(687, 80, 412, 4),
(688, 23, 98, 5),
(689, 28, 265, 2),
(690, 46, 31, 1),
(691, 18, 411, 4),
(692, 22, 167, 3),
(693, 81, 417, 5),
(694, 89, 18, 5),
(695, 52, 274, 4),
(696, 28, 336, 1),
(697, 39, 60, 5),
(698, 32, 179, 4),
(699, 97, 533, 3),
(700, 42, 139, 4),
(701, 13, 266, 5),
(702, 61, 507, 3),
(703, 75, 502, 4),
(704, 35, 64, 3),
(705, 69, 241, 5),
(706, 21, 50, 4),
(707, 86, 106, 1),
(708, 60, 16, 3),
(709, 19, 425, 1),
(710, 39, 540, 1),
(711, 26, 198, 3),
(712, 46, 92, 5),
(713, 74, 132, 4),
(714, 20, 381, 1),
(715, 87, 44, 4),
(716, 91, 31, 5),
(717, 30, 326, 4),
(718, 94, 504, 2),
(719, 62, 144, 2),
(720, 82, 384, 1),
(721, 94, 163, 3),
(722, 84, 341, 2),
(723, 84, 492, 4),
(724, 12, 98, 2),
(725, 60, 434, 3),
(726, 67, 117, 1),
(727, 30, 134, 1),
(728, 99, 427, 3),
(729, 25, 143, 1),
(730, 58, 506, 1),
(731, 90, 212, 1),
(732, 21, 375, 2),
(733, 31, 494, 2),
(734, 100, 393, 1),
(735, 85, 249, 4),
(736, 13, 190, 5),
(737, 81, 13, 4),
(738, 81, 68, 1),
(739, 79, 500, 5),
(740, 60, 436, 5),
(741, 31, 292, 4),
(742, 89, 200, 4),
(743, 93, 299, 3),
(744, 22, 407, 5),
(745, 38, 362, 2),
(746, 87, 129, 4),
(747, 47, 267, 2),
(748, 77, 20, 3),
(749, 92, 318, 2),
(750, 99, 528, 1),
(751, 55, 414, 2),
(752, 86, 67, 4),
(753, 84, 395, 3),
(754, 31, 158, 2),
(755, 72, 72, 2),
(756, 20, 359, 5),
(757, 42, 379, 3),
(758, 14, 88, 1),
(759, 65, 204, 1),
(760, 68, 200, 4),
(761, 19, 228, 4),
(762, 96, 95, 2),
(763, 10, 476, 1),
(764, 32, 74, 3),
(765, 88, 97, 2),
(766, 29, 217, 5),
(767, 96, 429, 1),
(768, 35, 85, 3),
(769, 13, 533, 5),
(770, 87, 360, 4),
(771, 89, 178, 3),
(772, 30, 460, 4),
(773, 90, 300, 1),
(774, 100, 80, 3),
(775, 52, 106, 2),
(776, 95, 177, 5),
(777, 16, 339, 5),
(778, 50, 116, 4),
(779, 91, 404, 3),
(780, 60, 200, 3),
(781, 41, 174, 5),
(782, 85, 170, 1),
(783, 34, 347, 2),
(784, 65, 130, 4),
(785, 36, 160, 5),
(786, 36, 15, 1),
(787, 46, 8, 5),
(788, 74, 419, 5),
(789, 70, 384, 5),
(790, 78, 361, 2),
(791, 14, 23, 4),
(792, 89, 534, 3),
(793, 96, 203, 3),
(794, 34, 47, 2),
(795, 29, 517, 3),
(796, 90, 166, 2),
(797, 53, 89, 1),
(798, 39, 230, 2),
(799, 28, 75, 2),
(800, 34, 67, 3),
(801, 46, 216, 4),
(802, 87, 386, 2),
(803, 19, 323, 1),
(804, 96, 423, 5),
(805, 38, 448, 2),
(806, 28, 478, 2),
(807, 75, 534, 4),
(808, 88, 265, 3),
(809, 22, 64, 3),
(810, 34, 328, 2),
(811, 16, 518, 2),
(812, 48, 367, 2),
(813, 61, 155, 4),
(814, 41, 431, 5),
(815, 33, 118, 1),
(816, 53, 375, 4),
(817, 90, 267, 5),
(818, 71, 283, 5),
(819, 24, 334, 1),
(820, 35, 17, 2),
(821, 19, 409, 5),
(822, 42, 7, 4),
(823, 88, 193, 4),
(824, 59, 207, 2),
(825, 73, 245, 4),
(826, 11, 456, 4),
(827, 36, 451, 2),
(828, 38, 466, 4),
(829, 79, 464, 2),
(830, 55, 162, 1),
(831, 77, 456, 1),
(832, 45, 494, 1),
(833, 78, 462, 1),
(834, 62, 375, 1),
(835, 46, 82, 4),
(836, 22, 334, 4),
(837, 33, 123, 3),
(838, 70, 256, 3),
(839, 30, 256, 3),
(840, 47, 436, 2),
(841, 20, 349, 3),
(842, 44, 489, 2),
(843, 48, 52, 4),
(844, 10, 381, 4),
(845, 48, 353, 5),
(846, 24, 405, 2),
(847, 100, 211, 3),
(848, 97, 331, 1),
(849, 24, 407, 4),
(850, 96, 288, 4),
(851, 62, 441, 4),
(852, 79, 421, 4),
(853, 88, 238, 1),
(854, 93, 281, 4),
(855, 86, 497, 4),
(856, 81, 382, 1),
(857, 29, 34, 5),
(858, 12, 193, 4),
(859, 76, 382, 4),
(860, 63, 247, 2),
(861, 23, 308, 1),
(862, 88, 444, 5),
(863, 34, 512, 5),
(864, 22, 171, 5),
(865, 60, 355, 4),
(866, 16, 423, 5),
(867, 75, 106, 3),
(868, 71, 387, 3),
(869, 82, 230, 3),
(870, 94, 21, 2),
(871, 40, 106, 4),
(872, 40, 500, 2),
(873, 29, 140, 3),
(874, 12, 496, 4),
(875, 60, 82, 2),
(876, 95, 501, 3),
(877, 19, 87, 5),
(878, 39, 231, 1),
(879, 49, 381, 3),
(880, 59, 532, 3),
(881, 85, 528, 5),
(882, 37, 321, 5),
(883, 24, 534, 5),
(884, 16, 224, 1),
(885, 50, 506, 4),
(886, 10, 453, 4),
(887, 68, 10, 5),
(888, 15, 338, 1),
(889, 60, 525, 5),
(890, 93, 144, 5),
(891, 99, 202, 1),
(892, 54, 141, 2),
(893, 74, 252, 5),
(894, 75, 50, 3),
(895, 22, 407, 3),
(896, 15, 156, 5),
(897, 84, 62, 2),
(898, 84, 136, 1),
(899, 76, 414, 4),
(900, 10, 336, 3),
(901, 25, 49, 2),
(902, 81, 74, 3),
(903, 40, 129, 5),
(904, 83, 355, 2),
(905, 65, 230, 3),
(906, 21, 115, 4),
(907, 44, 131, 4),
(908, 74, 180, 5),
(909, 97, 72, 1),
(910, 22, 529, 1),
(911, 28, 369, 5),
(912, 89, 104, 1),
(913, 60, 156, 1),
(914, 13, 21, 2),
(915, 44, 282, 1),
(916, 56, 390, 5),
(917, 68, 430, 3),
(918, 89, 20, 1),
(919, 27, 231, 3),
(920, 20, 343, 4),
(921, 48, 226, 5),
(922, 77, 28, 4),
(923, 14, 525, 2),
(924, 73, 108, 2),
(925, 59, 181, 1),
(926, 97, 162, 4),
(927, 87, 292, 5),
(928, 19, 112, 2),
(929, 11, 177, 2),
(930, 20, 206, 3),
(931, 100, 118, 5),
(932, 32, 178, 4),
(933, 58, 355, 1),
(934, 73, 226, 3),
(935, 41, 110, 5),
(936, 16, 59, 3),
(937, 84, 320, 1),
(938, 36, 169, 4),
(939, 100, 499, 4),
(940, 19, 82, 3),
(941, 59, 279, 5),
(942, 19, 223, 2),
(943, 20, 30, 2),
(944, 85, 240, 3),
(945, 78, 271, 3),
(946, 57, 92, 2),
(947, 50, 32, 1),
(948, 96, 493, 5),
(949, 92, 355, 1),
(950, 80, 524, 3),
(951, 23, 312, 1),
(952, 33, 326, 2),
(953, 43, 303, 2),
(954, 83, 451, 4),
(955, 25, 498, 2),
(956, 66, 129, 4),
(957, 75, 19, 2),
(958, 76, 527, 4),
(959, 78, 513, 2),
(960, 26, 233, 1),
(961, 87, 412, 2),
(962, 97, 245, 3),
(963, 56, 65, 5),
(964, 89, 320, 5),
(965, 55, 319, 2),
(966, 95, 184, 3),
(967, 15, 511, 4),
(968, 68, 52, 3),
(969, 50, 95, 2),
(970, 17, 53, 3),
(971, 72, 106, 5),
(972, 54, 18, 4),
(973, 84, 393, 3),
(974, 94, 247, 3),
(975, 16, 394, 1),
(976, 54, 141, 1),
(977, 52, 310, 3),
(978, 39, 73, 3),
(979, 43, 154, 4),
(980, 67, 423, 4),
(981, 87, 458, 4),
(982, 93, 93, 2),
(983, 38, 487, 4),
(984, 43, 104, 4),
(985, 81, 428, 3),
(986, 28, 347, 5),
(987, 59, 188, 1),
(988, 95, 175, 1),
(989, 28, 504, 2),
(990, 93, 531, 4),
(991, 82, 304, 5),
(992, 29, 95, 1),
(993, 83, 110, 5),
(994, 61, 98, 5),
(1004, 8, 444, 2),
(1025, 8, 98, 5),
(1030, 8, 445, 2),
(1031, 8, 129, 1),
(1032, 8, 13, 3),
(1034, 8, 4, 5),
(1035, 8, 546, 5);

--
-- Constraints for dumped tables
--

--
-- Constraints for table `recommend`
--
ALTER TABLE `recommend`
  ADD CONSTRAINT `recommend_ibfk_1` FOREIGN KEY (`id_user`) REFERENCES `users` (`id`) ON DELETE CASCADE ON UPDATE CASCADE,
  ADD CONSTRAINT `recommend_ibfk_2` FOREIGN KEY (`id_cat`) REFERENCES `categories` (`id`);

--
-- Constraints for table `rec_fav`
--
ALTER TABLE `rec_fav`
  ADD CONSTRAINT `rec_fav_ibfk_1` FOREIGN KEY (`id_rec`) REFERENCES `recommend` (`id`),
  ADD CONSTRAINT `rec_fav_ibfk_2` FOREIGN KEY (`id_user`) REFERENCES `users` (`id`);

--
-- Constraints for table `usr_rec`
--
ALTER TABLE `usr_rec`
  ADD CONSTRAINT `usr_rec_ibfk_1` FOREIGN KEY (`id_user`) REFERENCES `users` (`id`) ON DELETE CASCADE ON UPDATE CASCADE,
  ADD CONSTRAINT `usr_rec_ibfk_2` FOREIGN KEY (`id_rec`) REFERENCES `recommend` (`id`) ON DELETE CASCADE ON UPDATE CASCADE;
COMMIT;

/*!40101 SET CHARACTER_SET_CLIENT=@OLD_CHARACTER_SET_CLIENT */;
/*!40101 SET CHARACTER_SET_RESULTS=@OLD_CHARACTER_SET_RESULTS */;
/*!40101 SET COLLATION_CONNECTION=@OLD_COLLATION_CONNECTION */;
